SEZCENS;ZONASTAT;NCIRCO;SUPERF
905;20;8;6941.26
906;20;8;7736.14
907;20;8;32138.47
908;20;8;6237.15
909;20;8;9174.35
910;20;8;8429.53
911;20;8;7672.77
912;20;8;9452.63
913;20;8;9966.58
914;20;8;4269.61
915;20;8;5292.05
916;20;8;8619.46
917;20;8;6864.84
918;20;8;78446.76
919;20;8;8024.75
920;20;8;10379.46
921;20;8;13291.82
923;20;8;8626.13
924;20;8;9084.13
925;20;8;6452.7
926;20;8;6951.97
928;20;8;6682.81
929;20;8;8579.38
930;20;8;9243.19
931;20;8;7438.64
932;20;8;4875.94
933;20;8;7139.68
934;20;8;3465.93
935;20;8;6158.4
936;20;8;7925.88
937;20;8;15003.88
938;20;8;7969.72
939;20;8;7043.81
940;20;8;4434.31
941;20;8;6290.78
942;20;8;10759.72
944;20;8;8536.67
945;20;8;10271.2
946;20;8;8295.12
947;20;8;5027.6
949;21;7;49611.17
951;21;7;4259.75
952;21;7;18983.08
953;21;7;9998.59
954;21;7;15613.16
955;21;7;27972.12
956;21;7;6420.31
957;21;7;23411.59
959;21;7;11408.66
960;21;7;130323.21
961;21;7;13343.91
962;21;7;4817.98
963;21;7;6993.56
964;22;7;29521.48
965;22;7;12763.99
966;22;7;7413.12
967;22;7;11097.31
968;22;7;6843.75
969;22;7;8413.29
970;22;7;8254.71
971;22;7;8586.11
972;22;7;39154.55
973;22;7;29327.29
974;22;7;12818.88
975;22;7;23627.5
976;22;7;16712.92
977;22;7;12144.66
978;22;7;9948.11
979;22;7;9934.77
980;22;7;13408.4
981;22;7;8445.48
982;22;7;6210.79
983;22;7;10721.52
984;22;7;17864.01
985;22;7;20371.4
986;22;7;15405.32
987;22;7;13920.84
988;22;7;9209.73
989;22;7;5536.15
990;22;7;8034.23
991;22;7;11944.73
992;22;7;5509.62
993;22;7;11602.64
994;22;7;7574.22
995;22;7;6720.8
996;22;7;39149.15
997;22;7;21163.8
998;22;7;20342.97
999;22;7;19978.78
1000;23;7;21994.19
1001;23;7;14938.45
1003;23;7;84975.35
1004;23;7;23629.19
1005;23;7;20995.46
1006;23;7;14246.02
1007;23;7;20223.54
1008;23;7;9146.56
1009;23;7;18688.04
1010;23;7;12274.16
1011;23;7;23455.35
1012;23;7;27772.35
1013;23;7;20731.14
1014;23;7;22123.42
1015;23;7;4763.26
1016;23;7;9504.63
1017;23;7;6043.06
1018;23;7;9417.64
1019;23;7;5041.52
1020;23;7;10230.12
1021;23;7;6651.35
1022;23;7;10360.81
1024;23;7;8058.33
1025;23;7;9367.93
1026;23;7;10116.23
1027;23;7;4527.14
1028;23;7;9149.64
1029;23;7;5957.52
1030;23;7;9304.8
1031;23;7;9333.89
1032;23;7;10810.94
1033;23;7;18136.27
1034;23;7;5223.11
1035;23;7;10613.85
1036;23;7;6873.73
1037;23;7;8892.33
1038;23;7;9934.87
1039;23;7;9589.52
1040;23;7;19603.9
1041;23;7;6573.69
1042;23;7;13029.24
1043;23;7;5271.74
1044;23;7;5518.7
1046;24;7;11505.17
1047;24;7;18498.76
1048;24;7;6851
1049;24;7;14603.92
1050;24;7;31905.21
1051;24;7;8863.47
1052;24;7;7280.72
1053;24;7;11293.41
1054;24;7;7786.8
1055;24;7;7637.28
1056;24;7;7766.32
1057;24;7;9977.76
1058;24;7;35333.77
1059;24;7;21446.7
1060;24;7;6368.22
1061;24;7;4299.2
1062;24;7;11672.16
1063;24;7;10366.14
1064;24;7;36948.92
1065;24;7;7353.24
1067;24;7;22214.84
1068;24;7;17627.86
1069;24;7;15556.94
1070;24;7;5640.62
1071;24;7;5043.3
1072;24;7;8173.46
1073;24;7;18154.26
1074;24;7;5614.52
1075;24;7;6828.79
1076;24;7;11721.06
1077;24;7;6787.25
1078;24;7;34251.98
1079;24;7;21581.8
1080;24;7;39743.83
1081;24;7;14341.12
1082;24;7;23316.29
1083;24;7;14045.92
1084;24;7;9375.07
1085;24;7;15821.51
1086;24;7;11242.98
1087;24;7;7546.46
1088;24;7;13806.89
1089;24;7;30636.29
1090;24;7;13282.95
1091;24;7;8125.35
1092;24;7;7380.22
1093;24;7;5891
1094;24;7;6781.39
1095;24;7;5085.88
1096;24;7;8150.47
1097;24;7;19561.99
1098;24;7;8806.12
1099;24;7;17601.06
1100;24;7;26817.14
1101;24;7;32977.81
1102;24;7;9728.36
1103;24;7;18894.01
1104;24;7;14260.86
1105;24;7;5307.08
1107;25;4;32911.83
1108;25;4;169412.6
1109;25;4;119646.72
1111;25;4;5865.19
1113;25;4;8788.25
1114;25;4;11278.57
1115;25;4;2466.37
1116;25;4;9426.64
1117;25;4;43948.42
1118;25;4;10628.16
1119;25;4;14852.67
1120;25;4;5615.97
1121;25;4;6130.87
1122;25;4;12633.12
1123;25;4;6670.54
1124;25;4;3876.8
1125;25;4;11575.96
1126;25;4;13700.05
1127;25;4;11288.66
1128;25;4;7593.64
1129;25;4;13095.31
1130;25;4;7239.43
1131;25;4;6793.38
1132;25;4;17151.51
1133;25;4;9952.88
1134;25;4;15261.94
1135;25;4;8622.6
1136;25;4;5263.01
1137;25;4;7040.89
1138;25;4;7559.9
1139;25;4;9914.04
1140;25;4;12024.87
1141;25;4;10956.59
1142;25;4;6909.53
1143;25;4;10632.11
1144;25;4;12072.02
1145;25;4;11142.46
1146;25;4;9655.1
1147;26;1;8548.8
1148;26;1;6615.76
1149;26;1;8447.38
1150;26;1;17931.08
1151;26;1;9078.05
1152;26;1;10093.28
1153;26;1;15538.63
1154;26;1;5633.27
1155;26;1;15030.18
1156;26;1;15051.96
1157;26;1;14977.12
1158;26;1;12156.07
1159;26;1;17303.07
1160;26;1;11026.11
1161;26;1;8388.13
1162;26;1;10645.46
1163;26;1;18080.26
1164;26;1;5472.18
1165;26;1;11116.65
1166;26;1;12612.32
1167;26;1;12113.9
1168;26;1;9273.37
1169;26;1;11958.63
1170;26;1;16891.98
1171;26;1;8266.23
1172;26;1;12501.61
1173;26;1;14389.55
1174;26;1;11417.64
1175;26;1;10008.41
1176;26;1;12917.97
1177;26;1;14327.56
1178;26;1;13271.15
1179;26;1;13784.32
1180;26;1;16192.21
1181;26;1;9424.45
1182;26;1;9136.96
1183;26;1;11441.82
1184;26;1;8939.81
1185;26;1;14175.13
1186;26;1;10630.56
1187;26;1;11955.19
1188;26;1;9793
1189;26;1;10379.33
1190;26;1;6802.68
1191;26;1;26481.63
1192;26;1;6394.13
1193;26;1;14241.29
1194;26;1;9838.28
1195;26;1;26363.48
1196;26;1;17072.32
1197;26;1;23126.48
1198;27;1;18252.35
1199;27;1;9108.13
1200;27;1;8510.07
1201;27;1;10606.75
1202;27;1;8884.98
1203;27;1;6013.37
1204;27;1;4616.92
1205;27;1;12163.61
1206;27;1;13365.34
1207;27;1;13037.39
1208;27;1;3912.38
1209;27;1;4412.41
1210;27;1;9579.92
1211;27;1;13679.81
1212;27;1;13081.47
1213;27;1;9259.18
1214;27;1;8233.23
1215;27;1;6777.76
1216;27;1;16037.36
1217;27;1;13923.27
1218;27;1;9408.87
1219;27;1;11633.16
1220;27;1;9515
1221;27;1;11231.75
1222;27;1;29150.08
1223;27;1;11619.3
1225;27;1;14765.92
1226;27;1;22407.7
1227;27;1;31553.14
1228;28;1;11633.2
1229;28;8;83563.73
1230;28;1;9546.57
1231;28;1;58498.46
1233;28;1;20991.98
1234;28;1;41145.99
1236;28;1;10114.88
1237;28;1;9861.94
1238;28;1;10033.95
1239;28;1;16128.2
1240;28;1;11719.62
1241;28;1;13084.88
1242;28;1;15061.64
1243;28;1;22951.09
1244;28;1;36163.65
1245;29;4;21876.13
1246;29;4;31712.11
1247;29;4;11816.6
1248;29;4;77990.21
1249;29;4;30107.59
1250;29;4;7794.93
1251;29;4;8828.91
1252;29;4;7220.43
1253;29;4;4823.59
1254;29;4;7845.31
1255;29;4;6737.65
1256;29;4;9222.86
1257;29;4;4558.92
1258;29;4;3504.11
1259;29;4;1599.9
1260;29;4;18185.07
1261;29;4;28283.78
1262;29;4;13532.46
1263;29;4;6515.3
1264;29;4;1901.57
1265;29;4;1507.4
1266;29;4;2772.26
1267;29;4;3673.63
1268;29;4;6058.23
1269;29;4;5463.87
1270;29;4;3159.61
1271;29;4;7794.04
1272;29;4;16533.88
1273;29;4;21865.62
1274;29;4;9699.01
1275;29;4;4959.62
1276;29;4;3763.77
1277;29;4;4189.9
1278;29;4;10080.27
1279;29;4;18767.09
1280;29;4;12199.76
1281;29;4;15960.36
1282;29;4;9845.42
1283;29;4;17983.64
1284;29;4;3365.61
1285;29;4;4123.16
1286;29;4;4588.15
1287;29;4;11054.58
1288;29;4;5446.39
1289;29;4;5150.33
1290;29;4;5906.67
1291;29;4;11307.84
1292;29;4;6745.78
1293;29;4;6323.96
1294;29;4;9462.43
1295;29;4;16987.71
1297;29;4;18224.17
1298;29;4;35544.85
1299;29;4;16630.1
1300;29;4;43132.49
1301;29;4;15094.77
1302;29;4;11640.21
1303;29;4;13600.71
1304;29;4;17026.74
1305;29;4;9075.13
1306;29;4;17357.05
1307;29;4;11054.54
1308;29;4;10709.56
1309;29;4;8858.36
1310;30;4;301295.19
1311;30;5;36128
1312;30;4;38330.96
1313;30;4;42711.4
1314;30;4;10368.75
1315;30;4;5553.06
1316;30;4;6168.75
1317;30;4;8392.48
1318;30;4;6118.12
1319;30;4;5666.28
1320;30;4;7825.34
1321;30;4;9707.36
1322;30;4;5556.77
1323;30;4;11374.04
1324;30;4;7777.07
470;12;7;34932.48
471;12;7;7009.71
472;12;7;6644.65
473;12;7;10557.58
474;12;7;11525.7
475;12;7;23872.11
476;12;7;11516.12
477;12;7;9137.82
478;12;7;5156.8
479;12;7;5650.94
480;12;7;5162.81
481;12;7;9653.62
482;12;7;7694.37
483;12;7;8020.68
484;12;7;7557.02
485;12;7;8214.24
486;12;7;38566.9
487;12;7;7416.99
488;12;7;73603.12
489;12;7;8409.69
490;12;7;2123.34
491;12;7;2622.87
492;12;7;4943.13
493;12;7;5189.58
494;12;7;6266.44
496;12;7;25764.85
498;12;7;7931.68
499;12;7;8301.1
500;12;7;2804.28
501;12;7;12863.26
502;12;7;4760.79
503;12;7;6650.5
504;12;7;6433.76
505;12;7;11540.25
506;12;7;16008.77
507;12;7;11570.27
508;12;7;9349.25
509;12;7;8340.1
510;12;7;13776.62
511;12;7;11087.01
512;12;7;6322.67
514;12;7;12675.73
515;12;7;13429.88
516;12;7;9935.92
517;12;7;22834.71
518;12;7;11109.9
519;12;7;12226.53
521;13;8;9619.76
523;13;8;6772.07
524;13;8;7199.38
525;13;8;7651.48
526;13;8;10835.93
527;13;8;7536.12
528;13;8;12678.81
529;13;8;12673.58
530;13;8;8912.61
531;13;8;35583.21
532;13;8;16753.6
533;13;8;11664.55
534;13;8;5512.39
535;13;8;7262.18
536;13;8;6793.69
537;13;8;3336.2
538;13;8;32319.62
539;13;8;8403.04
540;13;8;6986.76
541;13;8;7533.15
542;13;8;7076.55
543;13;8;8959.34
544;13;8;8268.47
545;13;8;8888.07
546;13;8;6267.86
547;13;8;11946.45
548;13;8;15011.36
549;13;8;4855.3
550;13;8;4532
551;13;8;5144.55
552;13;8;5064
553;13;8;5362.56
554;13;8;5991.95
555;13;8;7015.27
556;13;8;5125.6
557;13;8;11790.98
559;13;8;9243.55
560;13;8;16205.4
561;13;8;6175.22
563;13;8;13822.17
564;13;8;16162.46
565;13;8;13217.79
566;13;8;14594.22
567;13;8;9027.37
568;13;8;12564.86
569;13;8;21552.72
570;13;8;29886.92
571;14;7;48950.78
572;14;7;10465.32
573;14;7;7455.59
574;14;7;38159.74
575;14;7;11624.23
576;14;7;14442.72
577;14;7;40350.96
578;14;7;6317.26
579;14;7;6839.5
580;14;7;5506.46
581;14;7;7515.19
582;14;7;9164.16
583;14;7;9373.63
584;14;7;12844.55
585;14;7;25816.56
586;14;7;5312.74
587;14;7;5047.59
588;14;7;6504.78
589;14;7;5851.47
590;14;7;7988.4
591;14;7;5918.99
592;14;7;7561.06
593;14;7;12047.31
595;15;8;53231.84
596;15;8;21616.4
597;15;8;4957.2
598;15;8;11035.67
599;15;8;12668.72
600;15;8;6804.98
601;15;8;3753.84
602;15;8;7725.01
603;15;8;6385.4
604;15;8;18084.4
605;15;8;5794.07
606;15;8;8015.45
607;15;8;6674.33
608;15;8;8400.46
609;15;8;20706.83
610;15;8;3774.66
611;15;8;66356.2
612;15;8;8507.89
613;15;8;7803.55
614;15;8;9927.87
615;15;8;5790.48
616;16;4;14186.61
617;16;4;11384.86
618;16;4;5568.88
619;16;4;5072.94
620;16;4;5816.63
621;16;4;6961.38
622;16;4;8233.56
623;16;4;9675.01
624;16;4;15660.54
625;16;4;5153.32
626;16;4;7641.31
627;16;4;8958.85
628;16;4;7244.12
629;16;4;8904.03
630;16;4;3999.77
631;16;4;3763.01
632;16;4;3438.21
633;16;4;5021.19
634;16;4;5889.37
635;16;4;8712.88
636;16;4;5377.48
637;16;4;7250.74
638;16;4;8120.05
639;16;4;5920.99
640;16;4;6175.94
641;16;4;3459.89
642;16;4;5650.49
643;16;4;8987.56
644;16;4;8846.7
645;16;4;14550.81
646;16;4;5555.09
647;16;4;5908.82
648;16;4;10008.27
649;16;4;7559.03
650;16;4;6814.49
651;16;4;5158.19
652;16;4;4611.61
653;16;4;5574.52
654;16;4;7949.7
655;16;4;6462.57
656;16;4;5951.4
657;16;4;6356
658;16;4;9211.23
659;16;4;5662.4
660;16;4;7635.8
661;16;4;11402.81
662;16;4;9016.34
663;16;4;14709.17
664;16;4;12572.71
665;16;4;17690.7
666;16;4;15103.28
667;16;4;12497.67
668;16;4;31952.14
669;16;4;7733.88
670;16;4;3874.95
671;16;4;6404.84
672;16;4;10474.67
673;16;4;5497.01
674;16;4;9539.7
675;16;4;9899.77
676;16;4;9311.75
677;16;4;7183.77
678;16;4;7792.61
679;16;4;9847.5
680;16;4;4441.54
681;16;4;8877.61
682;16;4;4666.77
683;16;4;8108.28
684;16;4;8429.13
685;16;4;7834.24
686;16;4;6221.41
687;16;4;6620.16
688;16;4;5481.28
689;16;4;11653.16
690;16;4;5130.68
691;16;4;3734.1
692;16;4;4594.37
693;16;4;11558.78
694;16;4;7846.22
695;16;4;12189.52
696;16;4;9050.6
697;16;4;6781.42
698;16;4;4268.47
699;16;4;6408.77
700;16;4;5855.79
701;16;4;9687.17
702;16;4;4140.12
703;16;4;7721.27
704;16;4;4875.96
705;16;4;7278.32
706;16;4;6791.21
707;16;4;6306.61
708;16;4;7021.41
709;16;4;5194.3
710;16;4;11971.73
711;16;4;7502.63
712;16;4;11025.79
713;16;4;10354.38
714;16;4;9498.99
715;16;4;10701.64
716;16;4;8140.69
717;16;4;8802.4
718;16;4;9709.25
719;16;4;12193.97
720;17;3;9701.19
721;17;3;12267.95
722;17;3;11984.65
723;17;3;10655.98
724;17;3;7551.93
725;17;3;9216.13
726;17;3;4316.08
727;17;3;9543.66
728;17;3;6222.87
729;17;3;5959.79
730;17;3;6539.2
731;17;3;5741.77
732;17;3;5519.49
733;17;3;7470.46
734;17;3;8818.01
735;17;3;8527.35
736;17;3;5332.81
737;17;3;6087.18
738;17;3;5362.83
739;17;3;5151.25
740;17;3;7604.61
741;17;3;6048.15
742;17;3;6121
743;17;3;5348.83
744;17;3;5139.93
745;17;3;7565.06
746;17;3;20240.99
747;17;3;13446.57
748;17;3;24693.29
749;17;3;13667.9
750;17;3;15300.39
751;17;3;7452.8
752;17;3;13989.86
753;17;3;12929.35
754;17;3;12786.7
755;17;3;14236.55
756;17;3;15909.89
757;17;3;11101.37
758;17;3;13247.65
759;17;3;12067.39
760;17;3;12165.2
765;17bis;3;69185.5
768;17bis;3;22369.66
769;17bis;3;22111.45
770;17bis;3;18521.58
771;17bis;3;9779.51
772;17bis;3;12606.39
773;17bis;3;183878.12
774;18;1;9468.35
775;18;1;10025.51
776;18;1;14230.64
777;18;1;12217.89
778;18;1;13801.98
779;18;1;13208.75
780;18;1;8241.88
781;18;1;6447.71
782;18;1;8211.07
783;18;1;16355.04
784;18;1;13990.61
786;18;1;12771.69
787;18;1;7363.99
788;18;1;8965.73
789;18;1;9004
790;18;1;11520.56
791;18;1;11819.64
792;18;1;9442.75
793;18;1;12044.81
794;18;1;17280.73
795;18;1;15120.99
796;18;1;15347.84
797;18;1;116510.93
798;18;1;17501.57
799;18;1;9746.15
800;18;1;12363.49
801;18;1;8109.96
802;18;1;13261.1
803;18;1;13379.59
804;18;1;7416.13
805;18;1;13903.83
806;18;1;13479
807;18;1;13580.06
808;18;1;10208.73
809;18;1;10847.86
810;18;1;11554.88
811;18;1;15306.33
812;18;1;15746.77
813;18;1;9163.28
814;18;1;18057.83
816;18;1;9351.08
817;18;1;15806.23
818;18;1;15377.08
819;18;1;15816.7
820;18;1;8648.21
821;18;1;9916
822;18;1;8235
823;18;1;8287.18
824;19;8;16468.85
825;19;8;9439.6
827;19;8;7059.28
828;19;8;7305.34
829;19;8;8755.84
830;19;8;11135.35
831;19;8;5633.06
832;19;8;5733.66
833;19;8;9402.95
834;19;8;6276.46
835;19;8;6412.82
836;19;8;7321.66
837;19;8;10394.66
838;19;8;20541.46
839;19;8;7380.39
840;19;8;6499.76
841;19;8;4494.05
842;19;8;5656.24
843;19;8;7209.57
844;19;8;9590.58
845;19;8;6922.61
846;19;8;11665.48
847;19;8;10181.92
848;19;8;7054.84
849;19;8;7100.11
850;19;8;11298.92
851;19;8;15161.92
852;19;8;8219.65
854;19;8;9700.4
855;19;8;8832.87
856;19;8;4857.95
857;19;8;11156.26
858;19;8;9166.27
859;19;8;9978.79
860;19;8;11907.99
861;19;8;13468.35
862;19;8;7415.31
863;19;8;5355.45
864;19;8;7697.22
865;19;8;6361.47
866;19;8;8137.29
867;19;8;4707.94
869;19;8;13211.93
870;19;8;11498.46
871;19;8;6531.07
872;19;8;9903.34
873;19;8;5754.78
874;19;8;11288.11
875;19;8;18825.5
876;19;8;9792.8
877;19;8;8479.81
878;19;8;3785.38
879;19;8;5342.69
880;19;8;5022.48
881;19;8;8508.96
882;20;8;9850.52
883;20;8;8775.21
884;20;8;11471.94
885;20;8;5371.78
886;20;8;9171.96
887;20;8;12227.85
888;20;8;8250.22
889;20;8;16531.48
890;20;8;11879.86
891;20;8;9645.35
892;20;8;10017.8
893;20;8;5636.45
894;20;8;9760.1
895;20;8;27184.7
896;20;8;8766.2
897;20;8;51704.22
898;20;8;9359.58
899;20;8;7815.72
900;20;8;8573.69
901;20;8;4301.33
902;20;8;5818
903;20;8;12620.83
904;20;8;12957.36
468;12;7;56131.95
184;05;1;7978.33
185;05;1;2699.46
186;05;1;2952.09
187;05;1;3265.37
188;05;1;3280.75
189;05;1;11394.06
190;05;1;11902.74
191;05;1;12755.39
192;05;1;10128.08
193;05;1;7991.05
194;05;1;8449.78
195;05;1;7132.11
196;05;1;5614.01
197;05;1;6380.7
198;05;1;5331.63
201;05;1;7024.84
202;05;1;4927.47
203;05;1;5583.15
204;05;1;4646.38
205;05;1;5855.51
206;05;1;11074.72
207;05;1;8720.14
208;05;1;6161.74
209;05;1;7007.78
210;05;1;7570.43
211;06;1;24214.1
212;06;1;13045.98
213;06;1;17372.22
215;06;1;10443
217;06;1;11983.31
218;06;1;6885.21
219;06;1;19189.18
220;06;1;32487.2
221;06;1;7734.26
222;06;1;12952.59
223;06;1;9851.89
224;06;1;5960.52
225;06;1;8050.49
226;06;1;6083.27
227;06;1;9538.43
228;06;1;7580.27
231;06;1;9090.45
232;06;1;12529.31
233;06;1;5904.53
234;06;1;8033.32
235;06;1;5964.47
236;06;1;17271.02
237;06;1;19440.82
238;06;1;12440.77
239;06;1;15785.08
240;06;1;7260.42
241;07;1;8346.9
242;07;1;20174.07
243;07;1;7529.1
244;07;1;7224.05
245;07;1;14276.75
246;07;1;14914.39
248;07;1;8495.11
249;07;1;10801.75
250;07;1;8312.22
251;07;1;10893.16
252;07;1;11870.41
253;07;1;15044.68
254;07;1;24825.25
255;07;1;19891.59
256;07;1;24705.31
257;07;1;27418.41
258;07;1;25173.44
259;07;1;26806.44
262;08;1;8449.66
263;08;1;7421.5
264;08;1;35239.13
266;08;1;9504.49
267;08;1;7685.26
268;08;1;7627.59
269;08;1;11003.59
271;08;1;7928.24
272;08;1;3737.59
273;08;1;4529.08
274;08;1;5631.66
276;08;1;5153.67
277;08;1;9071.16
278;08;1;9527.46
279;08;1;3499.41
280;08;1;4378.02
282;08;1;3731.13
283;08;1;3658.21
284;08;1;4429.84
285;08;1;6976.9
287;08;1;6497.56
288;08;1;5094.01
290;08;1;5016.99
291;08;1;6108.11
292;08;1;49183.98
293;08;1;4277.27
295;08;1;6000.73
296;08;1;6762.02
297;08;1;9677.51
298;08;1;7731.05
299;08;1;7324.91
300;08;1;7403.31
301;08;1;7580.25
302;08;1;9146.43
303;08;1;7718.67
304;08;1;6685.13
305;08;1;7593.54
306;08;1;15203.71
307;08;1;11356.52
308;08;1;9699.15
309;08;1;11066.14
310;08;1;10685.15
311;08;1;10739.65
312;08;1;23642.49
313;08;1;17867.08
314;08;1;15360.68
315;08;1;17401.03
316;08;1;16942.29
317;08;1;17098.16
318;09;8;5582.95
319;09;8;6881.99
320;09;8;9319.63
321;09;8;10047.27
322;09;8;9446.12
323;09;8;11706.68
324;09;8;14107.72
325;09;8;4758.64
326;09;8;5593.24
327;09;8;7829.78
328;09;8;8403.3
329;09;8;7673.63
330;09;8;9530.47
331;09;8;11664.39
332;09;8;6930.92
333;09;8;6569.11
334;09;8;10021.28
335;09;8;10776.58
336;09;8;9976.84
337;09;8;12308.95
338;09;8;15116.92
339;09;8;15806.1
340;09;8;15271.07
341;09;8;4101.13
342;09;8;7098.28
343;09;8;6922.8
344;09;8;8483.02
345;09;8;10560.05
346;09;8;4052.06
347;09;8;6069.96
348;09;8;6866.16
349;09;8;8379.27
350;09;8;10602.13
351;09;8;17671.48
352;09;8;17915.99
353;09;8;10353.73
354;09;8;5602.97
355;09;8;7543.37
356;09;8;9174.29
357;09;8;11687.13
358;09;8;5353.48
359;09;8;9154.29
360;09;8;10545.04
361;09;8;12529.38
362;09bis;8;231476.29
363;09bis;8;110818.43
364;09bis;8;123400.03
365;10;1;9414.14
366;10;1;5900.68
367;10;1;5890.21
368;10;1;6390.77
369;10;1;4579.88
370;10;1;7668.72
371;10;1;4862.89
372;10;1;4808.48
373;10;1;5237.15
375;10;1;59262.6
376;10;1;10382.26
377;10;1;6492.27
378;10;1;6394.15
379;10;1;7044.77
380;10;1;5033.23
381;10;1;11037.69
382;10;1;6957.44
383;10;1;6851.1
384;10;1;7716.18
385;10;1;5512.42
386;10;1;9596.01
387;10;1;5976.53
388;10;1;5817.42
389;10;1;6618.58
390;10;1;4682.83
391;10;1;9792.21
392;10;1;6087.91
393;10;1;5887.6
394;10;1;11620.07
396;10;1;11617.43
397;10;1;7258.07
398;10;1;7025.54
399;10;1;14165.7
400;10;1;11652.97
401;10;1;7218.81
402;10;1;6992.97
403;10;1;14189.2
404;10;1;7801.81
405;10;1;6299.12
406;10;1;7198.24
407;10;1;15704.57
408;11;7;8168.16
410;11;7;8447.42
411;11;7;10424.7
412;11;7;17367.77
413;11;7;15479.88
414;11;7;19228.68
415;11;7;26789.22
416;11;7;16916.21
417;11;7;9458.58
418;11;7;13500.82
419;11;7;13009.69
420;11;7;10334.82
421;11;7;7545.91
422;11;7;9275.83
423;11;7;5538.17
424;11;7;4627.14
425;11;7;5775.33
426;11;7;10937.05
427;11;7;8304.99
428;11;7;12504.15
429;11;7;12129.89
430;11;7;22819.36
431;11;7;11282.31
432;11;7;12350.47
433;11;7;9045.18
434;11;7;11112.07
435;11;7;9493.72
436;11;7;9791.02
437;11;7;13260.02
438;11;7;10050.56
439;11;7;10037.75
440;11;7;4512.18
441;11;7;5948.77
442;11;7;7608.75
443;11;7;10948.24
444;11;7;10762.49
445;11;7;12472.24
446;11;7;18949.52
447;11;7;16120.16
448;11;7;7098.1
450;12;7;19665.57
451;12;7;9315.67
452;12;7;18891.41
453;12;7;7289.47
454;12;7;9833.54
455;12;7;7020.38
456;12;7;8919.08
457;12;7;9391.44
459;12;7;4815.25
460;12;7;10016.55
461;12;7;8256.43
462;12;7;8486.8
464;12;7;9104.09
465;12;7;8617.19
466;12;7;11873.6
467;12;7;4509.69
1;01;1;13908.09
2;01;1;16681.16
4;01;1;6896.08
6;01;1;6614.62
7;01;1;3928.77
8;01;1;8572.55
9;01;1;11326.16
11;01;1;3495.79
12;01;1;5978.3
13;01;1;4970.66
15;01;1;7088.68
16;01;1;6565.54
17;01;1;6699.42
18;01;1;4957.96
19;01;1;9267.19
21;01;1;8852.15
23;01;1;6453.71
24;01;1;7517.51
25;01;1;2370.2
26;01;1;7583.51
27;01;1;7105.75
28;01;1;11253.29
29;01;1;8257.12
30;01;1;8487.49
32;01;1;3862.35
33;01;1;3076.87
34;01;1;4453.4
35;01;1;3963.74
36;01;1;5088.83
37;01;1;8168.39
38;01;1;5201.02
39;01;1;7381.58
41;01;1;8212.9
42;01;1;5258.93
43;01;1;7639.13
44;01;1;7644.61
45;01;1;10375.59
46;01;1;9370.33
47;01;1;7355.33
48;01;1;3726.14
50;01;1;4934.21
51;01;1;7271.12
52;01;1;6043.27
53;01;1;8752.9
54;01;1;6838.17
55;01;1;7051.63
56;01;1;5227.87
57;01;1;7816.1
58;01;1;10513.54
59;01;1;4833.94
60;01;1;6593.43
61;01;1;5891.45
62;01;1;9318.69
63;01;1;10795.86
64;02;1;54090.53
69;02;1;19380.49
70;02;1;7506.92
72;02;1;9459.74
73;03;1;5649.14
75;03;1;9873.41
76;03;1;16856.24
77;03;1;6316.82
78;03;1;4456.01
79;03;1;8564.04
80;03;1;12357.69
81;03;1;10755.67
82;03;1;17875.64
83;03;1;15721.9
84;03;1;16432.81
85;03;1;5423.82
86;03;1;4577.77
87;03;1;9314.06
89;03;1;8750.36
90;03;1;12595.82
91;03;1;10689.38
92;03;1;11594.35
93;03;1;9475.79
94;03;1;9681.25
95;03;1;3983.6
96;03;1;4887.05
97;03;1;5578.78
99;03;1;15873.01
100;03;1;16290.01
101;03;1;11007.92
102;03;1;14416.26
103;03;1;14513.98
106;03;1;23272.25
107;03;1;9977.72
108;03;1;6172.84
109;03;1;4329.9
110;03;1;5980.75
111;03;1;6751.2
112;04;1;7563.75
113;04;1;23426.05
114;04;1;17042.73
115;04;1;17642.52
116;04;1;16546.95
117;04;1;18623.49
118;04;1;5538.73
119;04;1;11406.21
120;04;1;16383.29
121;04;1;8282.52
122;04;1;7763.43
123;04;1;4421.28
124;04;1;3648.68
125;04;1;17403.65
126;04;1;5588.94
127;04;1;23166.62
128;04;1;20599.87
129;04;1;3722.28
130;04;1;4338.84
131;04;1;3855.82
133;04;1;16382.68
134;04;1;8510.53
135;04;1;5425.68
136;04;1;5312.69
137;04;1;5893.54
138;04;1;4081.2
139;04;1;11157.26
140;04;1;10568.39
141;04;1;7323.94
142;04;1;3906.93
143;04;1;11984.98
144;04;1;7802.84
145;04;1;7484.21
146;04;1;8278.63
147;04;1;5808.55
148;04;1;23465.79
149;04;1;8733.83
151;04;1;14189.65
152;05;1;52755.99
153;05;1;8360.65
154;05;1;6897.95
155;05;1;33709.76
156;05;1;3926.08
157;05;1;16134.91
158;05;1;14847.77
159;05;1;8412.51
160;05;1;4820.55
161;05;1;7335.42
162;05;1;4791.87
163;05;1;10415.02
164;05;1;4580.86
165;05;1;4979.76
166;05;1;5653.52
167;05;1;5607.32
168;05;1;6983.3
169;05;1;7312.79
170;05;1;3453.59
171;05;1;4718.92
172;05;1;6884.36
174;05;1;5070.38
175;05;1;5699.25
176;05;1;5746.63
177;05;1;13497.56
178;05;1;11593.1
179;05;1;12683.63
180;05;1;9904.04
181;05;1;6811.33
182;05;1;7433.19
183;05;1;8151.84
3470;59;2;15745.69
3471;59;2;33614.51
3472;59;2;8578.16
3473;59;2;7400.02
3474;59;2;16404.86
3475;59;2;18147.96
3476;59;2;11580.37
3477;59;2;11605.91
3478;59;2;14058.58
3479;59;2;22847.69
3480;59;2;20283.76
3481;59;2;16707.22
3482;59;2;11015.72
3483;60;2;13164.2
3484;60;2;8462.93
3486;60;2;29257.69
3487;61;8;13768.58
3489;61;8;17175.37
3490;61;8;12790.76
3491;61;8;94514.18
3492;61;8;7372.77
3493;61;8;8798.21
3494;61;8;13609.5
3495;61;8;7040.42
3496;62;2;12059.25
3497;62;2;94860.21
3498;62;2;123706.16
3499;63;3;6619.27
3500;63;3;29110.86
3501;63;3;11345.61
3502;63;3;11599.55
3503;63;3;12226.03
3504;63;3;8098.33
3505;63;3;8142.73
3508;63;3;5477.73
3509;63;3;10856.5
3510;63;3;7888.05
3511;63;3;7705.25
3512;63;3;11392.65
3513;63;3;8290.13
3514;63;3;8447.27
3515;63;3;9453.34
3516;63;3;7396.13
3517;63;3;11015.28
3518;63;3;7893.95
3519;63;3;11681.18
3520;63;3;109111.26
3521;63;3;13011.7
3522;63;3;12477.25
3523;63;3;23683.57
3525;63;3;6430.44
3526;63;3;19793.34
3527;63;3;7576.69
3528;63;3;40566.9
3529;63;3;11935.51
3530;64;4;15038.37
3531;64;4;14132.99
3532;64;4;15002.43
3533;64;4;9078.82
3534;64;4;9851.79
3535;64;4;7204.5
3536;66;5;15322.53
3537;66;5;21523.69
3538;66;5;36826.86
3539;66;5;7858.78
3540;66;5;7475.14
3541;66;5;5959.67
3542;66;5;52593.84
3543;66;5;54425.95
3545;67;5;4588.29
3546;67;5;19276.32
3547;67;5;8141.4
3548;67;5;14102.21
3549;68;6;8617.88
3550;68;6;22386.85
3551;68;6;10316.52
3552;68;6;8561.95
3553;68;6;11528.32
3554;68;6;10590.06
3555;68;6;16674.07
3556;68;6;6364.76
3557;68;6;26074.26
3558;70;8;34232.03
3559;70;8;4453.84
3560;70;8;77158.84
3561;72;7;160367.18
3563;72;7;28002.14
3564;72;7;10817.96
3565;72;7;7132.36
3566;72;7;5129.9
3567;72;7;16647.95
3568;72;7;15084.15
3569;72;7;10701.89
3570;72;7;8561.95
3571;72;7;4913.54
3572;75;8;27807.76
3573;78;6;44715.11
3574;78;6;38298.88
3575;78;6;12591.34
3576;78;6;15732.47
3577;79;6;45760.22
3578;79;6;6961.88
3579;79;6;127470.03
3580;79;6;18908.5
3581;79;6;29170.82
3582;79;6;42712.16
3583;79;6;11755.31
3584;79;6;3795.35
3585;79;6;40125.96
3586;79;6;9383.94
3587;79;6;210991.13
3588;79;6;65946.92
3589;87;8;7788.78
3590;89;2;28863.44
3591;89;2;16158.57
3592;89;2;12697.27
3593;90;2;29110.76
3594;90;2;15561.78
3595;90;2;16378.27
3596;90;2;15756.39
3597;90;2;34907.71
3602;35;2;6835.02
3603;35;2;7070.74
3604;40;6;9689.88
3605;40;6;14004.58
3606;41;6;9869.96
3607;41;6;8410.41
3608;41;6;10007.74
3609;41;6;9613.06
3611;48;5;9053.02
3612;48;5;4814.17
3613;48;5;32505.48
3614;50;4;21379.21
3615;52;3;13060.13
3616;53;2;11012.7
3617;53;2;5998.59
3618;53;2;7485.74
3619;53;2;5834.66
3620;53;2;5156.82
3621;55;2;13857.91
3622;55;2;12386.88
3623;56;8;4670.42
3624;56;8;4992.84
3625;56;8;6891.6
3626;56;8;7493.46
3628;59;2;13284.8
3629;59;2;16957.2
3630;61;8;44046.08
3631;61;8;31761.71
3632;62;2;8516.59
3633;62;2;7056.69
3634;62;2;12651.72
3635;62;2;13589.64
3636;63;3;5595.5
3637;63;3;5130.11
3638;63;3;5098.66
3639;63;3;25625.52
3640;63;3;8772.45
3641;63;3;11405.86
3642;65;5;38329.92
3643;66;5;6059.95
3644;66;5;9077.36
3645;89;2;15742.6
3646;89;2;17840.27
3647;89;2;7775.13
3648;89;2;10641.49
3649;63;3;8755.6
3651;89;2;6067.04
3652;89;2;9192.3
3653;89;2;10021.03
3654;89;2;20737.28
3655;89;2;12672.34
3656;43;5;44855.47
3657;35;3;7682.5
3658;35;3;11376.64
3659;37;6;6426.62
3661;48;5;11332.94
3662;51;3;9921.78
3663;56;8;4281.23
3665;60;2;11355.68
3666;61;8;19265.26
3667;61;8;14964.29
3669;62;2;13330.24
3670;63;3;7454.61
3671;64;4;10430.27
3673;68;6;35491.4
3674;89;2;15648.88
3675;89;2;6575.41
3676;89;2;6066.9
3678;61;8;17665.56
3679;61;8;30113.63
3680;61;8;61373.82
3681;61;8;14130.21
3682;61;8;23359.91
3685;61;8;110473.63
3686;60;2;20185.46
3687;64;4;6219.94
3689;46;5;15415.41
3690;46;5;6918.43
3691;23;7;21263.62
3692;50;4;7246.97
3693;59;2;11159.39
3694;64;4;32258.44
3695;64;4;30164.23
3696;64;4;36719.9
3697;77;6;82312.51
3698;62;2;23303.99
3699;90;2;24455.74
3700;91;2;28247.49
3701;91;2;33195.01
3702;49;5;126860.28
3703;65;5;118242.82
3704;79;6;93623
3705;79;6;43890.88
3706;79;6;35347.44
3707;79;6;43507.12
3708;76;6;321921.31
3709;76;6;113229.36
3710;80;7;161403.96
3711;80;7;248321.51
3712;81;7;196886.02
3713;85;8;172093.89
3714;86;8;77427.45
3715;84;7;184050.08
3781;84;7;144044.81
3783;86;8;113125.67
3803;12;7;55027.88
3804;22;7;12289.85
3805;25;4;74231.75
3806;30;5;67980.6
3807;35;3;13435.93
3808;35;3;16982.11
3809;35;3;18173.95
3810;35;3;9392.55
3811;35;3;39601.91
3812;42;5;28810.25
3813;44;5;19472.29
3814;46;5;10382.93
3815;46;5;52489.56
3816;46;5;42964.98
3817;46;5;11947.18
3818;49;5;239443.72
3819;50;4;17931.91
3820;59;2;24394.78
3821;62;2;40318.08
3822;62;2;20797.03
3824;63;3;61317.45
3825;63;3;15889.96
3826;65;5;117864.71
3827;66;5;215300.11
3828;68;6;19203.7
3829;73;7;161377.25
3830;59;2;15965.51
3831;63;3;34703.45
3832;90;2;10846.79
3833;47;5;35633.01
3834;48;5;29243.79
3835;62;2;69484.64
3836;84;7;179415.56
3837;35;3;18056.79
3838;49;5;51757.47
3839;76;6;327154.47
8888;01;1;28.32
2980;61;2;13070.32
2981;62;2;92412.21
2982;62;2;23395.96
2983;62;2;22101.16
2984;62;2;31172.79
2985;62;2;44575.92
2986;62;2;84564.79
2987;62;2;41292.84
2988;62;2;8423.78
2989;62;2;8680.56
2990;62;2;9384.62
2991;62;2;8626.53
2992;62;2;9880.84
2993;62;2;21910.67
2994;62;2;123135.59
2995;62;2;7948.9
2996;62;2;17549.22
2997;62;2;73992.41
2998;62;2;57906.96
2999;62;2;62925.5
3000;62;2;15639.05
3001;62;2;31483.85
3002;63;3;8064.14
3003;63;3;11400.08
3004;63;3;5744.39
3005;63;3;5947.42
3006;63;3;11727.87
3007;63;3;13789.79
3008;63;3;18725.47
3009;64;4;37012.01
3010;64;4;11528.25
3011;64;4;17897.25
3012;64;4;24444.4
3013;64;4;28169.21
3014;64;4;109630.94
3015;64;4;28202.1
3017;64;4;10223.06
3018;64;4;9506.77
3019;64;4;33622.85
3020;64;4;33453.95
3021;64;4;93406.65
3022;65;5;295729.74
3023;65;5;890955.23
3024;66;5;15366.65
3025;66;5;14977.43
3026;66;5;13358.08
3027;66;5;8674.67
3028;67;5;94166.54
3029;68;6;12062.35
3030;68;6;84699.15
3031;68;6;8057.06
3033;68;6;13871.28
3035;68;6;11650.78
3036;77;6;214307.92
3037;77;6;8480.01
3038;77;6;11423.96
3039;77;6;13104.58
3040;77;6;31048.61
3041;77;6;393983.65
3042;77;6;120794.08
3043;84;7;158104.03
3044;84;7;81782.03
3045;89;2;16344.73
3046;89;2;9298.19
3047;89;2;6806.58
3048;89;2;9612.6
3049;89;2;5618.57
3050;89;2;14607.09
3051;89;2;11031.31
3052;89;2;12141.94
3053;89;2;15183.19
3054;90;2;30077.86
3055;90;2;10807.13
3056;90;2;13597.26
3057;90;2;41500.84
3058;90;2;91270.54
3059;90;2;42143.41
3060;90;2;55406.54
3061;90;2;9185.77
3062;90;2;11484.6
3063;90;2;8637.42
3064;90;2;7290.22
3065;90;2;9435.85
3066;90;2;66500.82
3067;90;2;55436.26
3068;90;2;90957.74
3069;90;2;48958.11
3070;90;2;16350.15
3071;90;2;17143.7
3072;91;2;168262.06
3074;61;8;79857.48
3075;61;8;173749.96
3076;61;8;8073.15
3077;61;8;19352.11
3078;60;2;10473.97
3079;64;4;14075.02
3080;62;2;11031.47
3081;65;5;359368.8
3082;65;4;592190.64
3083;46;5;68014.12
3084;66;5;21747.54
3089;41;6;42418.42
3090;41;6;59701.75
3091;41;6;41023.33
3092;80;7;187528.04
3093;80;7;497755.89
3094;88;8;63060.67
3096;89;2;874789.58
3097;36;7;568399.64
3098;46;5;9294.59
3107;01;1;4015.5
3108;01;1;5451.62
3109;01;1;1945.37
3110;01;1;3442.45
3111;01;1;3901.88
3112;01;1;1244.07
3113;01;1;1689.33
3114;01;1;4110.18
3115;01;1;6665.48
3116;01;1;2959.92
3117;01;1;3452.95
3119;01;1;2867.26
3120;03;1;5627.43
3121;03;1;7263.67
3122;03;1;8319.33
3123;03;1;6430.5
3124;04;1;4877.94
3125;04;1;5752.16
3126;04;1;4351.12
3130;04;1;5774.66
3131;04;1;6213.03
3132;04;1;3561.13
3133;04;1;4214.12
3134;04;1;3788.16
3136;04;1;2435.6
3137;05;1;7743.67
3138;05;1;3426.09
3139;05;1;3681.89
3140;05;1;4456.77
3141;05;1;4032.58
3142;05;1;3713.49
3143;05;1;5667.29
3144;05;1;6619.32
3145;05;1;7841.27
3146;07;1;2160.42
3147;07;1;10068.78
3148;07;1;3205.23
3149;07;1;5220.68
3150;07;1;3043.2
3152;08;1;10571.26
3153;08;1;10859.11
3154;08;1;6635.43
3156;08;1;3560.01
3157;08;1;3716.62
3158;08;1;3802.14
3159;08;1;5738.4
3160;11;7;2847.09
3161;12;7;14948.13
3162;12;7;3200.31
3163;12;7;4652.19
3164;12;7;3422.44
3166;12;7;12889.95
3167;12;7;2819.24
3169;12;7;5603.1
3171;12;7;4778.96
3172;13;8;6123.93
3173;13;8;2711.94
3174;13;8;6623.83
3175;13;8;2385.22
3176;13;8;3362.92
3177;13;8;4754.32
3178;13;8;8082.89
3179;13;8;22533.99
3180;13;8;6798.36
3181;13;8;1668.66
3182;13;8;7139.92
3183;14;7;25757.7
3184;14;7;3500.69
3185;14;7;5558.57
3186;14;7;3390.58
3187;14;7;4341.17
3188;14;7;2520.2
3189;15;8;7086.2
3190;15;8;4837.53
3191;15;8;5087.31
3192;15;8;5460.92
3193;15;8;4992.88
3194;15;8;2661.25
3195;15;8;3793.27
3196;15;8;3994.21
3197;15;8;6598.37
3198;15;8;5962.97
3199;16;4;4977.66
3200;16;4;5014.67
3201;16;4;1632.07
3203;16;4;4436.13
3204;16;4;1560.51
3205;17;3;2701.65
3206;17;3;8752.31
3207;17;3;6696.18
3208;17;3;6794.73
3209;18;1;8034.21
3211;18;1;11703.01
3212;18;1;10083.46
3213;18;1;11406.82
3214;18;1;8874.73
3215;18;1;12926.29
3216;18;1;11483.93
3217;18;1;15232.6
3218;18;1;17542.46
3219;18;1;5128.52
3220;18;1;7443.49
3221;18;1;6268.38
3222;18;1;7933.13
3223;18;1;10024.14
3227;19;8;4756.03
3228;19;8;3151.75
3229;20;8;4309.83
3230;20;8;5262.46
3231;20;8;3464.35
3234;20;8;8728.64
3236;20;8;6734.15
3238;20;8;5955.65
3239;20;8;5064.75
3240;20;8;11754.59
3241;22;7;9776.16
3242;22;7;12991.7
3243;22;7;5302.7
3247;24;7;13875.17
3248;24;7;6833.46
3249;24;7;3027.71
3250;24;7;10552.16
3251;25;4;5978.17
3252;25;4;2620.08
3253;25;4;3938.88
3254;25;4;5932.35
3255;25;4;4313.94
3256;26;1;6214.71
3257;26;1;3334.4
3258;26;1;7239
3259;28;1;7237.77
3260;28;1;8213.99
3261;28;1;17426.92
3262;29;4;4625.73
3263;29;4;20600.53
3264;29;4;32403.89
3265;29;4;2592.83
3266;29;4;1773.72
3267;29;4;1429.52
3268;29;4;3627.71
3269;29;4;1507.83
3270;29;4;3253.16
3271;29;4;3314.23
3272;29;4;2781.95
3273;29;4;2859.78
3274;29;4;3662.78
3275;29;4;3161.72
3276;30;5;18809.7
3277;30;5;82401.76
3278;30;4;32770.24
3279;30;4;11460.76
3280;30;4;11474.91
3281;30;4;5310.96
3282;30;4;6194.17
3283;30;4;2316.9
3284;31;3;4727.1
3285;32;3;6966.85
3286;32;3;3822.3
3287;32;3;6455.71
3288;32;3;7397.59
3289;33;3;4234.42
3290;33;3;3547.14
3291;33;3;2060.6
3292;33;3;9721.09
3293;33;3;2484.81
3294;33;3;2649.65
3295;33;3;3951.75
3297;35;3;25024.76
3300;35;3;6696.42
3301;35;3;5964.36
3302;35;3;8488.02
3304;36;7;43543.72
3305;37;6;18343.52
3306;37;6;6782.06
3307;37;6;6339.14
3308;37;6;7032.74
3309;37;6;19693.63
3310;37;6;8416.77
3312;37;6;3828.32
3313;38;6;2588.18
3314;38;6;1346.08
3315;38;6;1581.14
3316;38;6;2063.52
3317;38;6;1017
3318;38;6;2284.39
3319;38;6;6287.22
3320;38;6;4757.44
3321;39;6;18967.4
3322;39;6;79340
3323;39;6;16895.45
3325;40;6;12175.07
3327;40;6;5614.72
3328;40;6;3637.6
3329;41;6;24939.77
3330;41;6;4924.25
3332;41;6;14052.51
3333;41;6;30644.52
3334;42;5;8878.34
3335;42;5;4320.81
3336;42;5;1409.09
3337;42;5;3129.98
3338;42;5;2994.34
3340;43;5;45355.75
3342;43;5;10425.39
3343;43;5;12699.38
3344;43;5;11383.68
3346;43;5;18830.87
3351;43;5;17427.93
3352;43;5;9193.71
3354;43;5;14383.65
3355;43;5;9399.73
3356;43;5;13966.8
3357;43;5;63358.71
3358;43;5;22087.48
3359;43;5;35506.22
3360;43;5;16696.77
3361;43;5;13108.32
3362;43;5;10627.54
3363;44;5;6263.3
3364;44;5;3078.61
3365;44;5;1591.75
3366;45;5;6664.1
3367;45;5;9013.65
3369;45;5;3602.33
3370;45;5;4760.33
3371;45;5;4907.3
3372;45;5;5612.16
3373;45;5;6233.39
3374;46;5;8154.26
3375;46;5;10980.08
3376;46;5;10037.83
3377;47;5;5357.19
3378;47;5;5389.91
3379;47;5;7015.94
3380;47;5;9494.24
3381;47;5;4789.34
3382;47;5;3249.98
3383;47;5;6268.03
3384;48;5;26703.35
3385;48;5;5070.62
3386;48;5;26676.53
3387;48;5;22501.54
3388;48;5;19688.21
3390;48;5;7118
3391;48;5;7976.7
3392;48;5;11601.46
3393;48;5;32595.14
3394;48;5;2879.51
3395;48;5;15239.81
3396;48;5;9524.28
3397;48;5;7927.45
3398;48;5;7636.86
3399;48;5;7841.68
3400;48;5;12271.22
3401;48;5;16338.74
3402;48;5;9901.54
3404;50;4;11485
3405;50;4;7304.51
3406;50;4;9663.3
3407;50;4;13555.42
3408;50;4;9585.24
3409;50;4;9662.92
3410;50;4;13617.07
3411;50;4;5950.75
3412;50;4;4991.77
3413;50;4;4333.01
3414;50;4;16523.03
3415;51;3;8626.71
3416;51;3;7718.01
3417;51;3;14207.3
3418;51;3;8006.67
3419;51;3;23420.29
3420;51;3;9658.73
3421;51;3;12225.36
3423;51;3;5425.56
3424;51;3;19114.58
3425;51;3;21157.42
3426;51;3;11442.15
3427;51;3;9371.87
3428;51;3;20097.82
3429;52;3;68100.66
3430;53;2;5707.75
3431;53;2;4175.55
3433;53;2;11869.55
3434;53;2;7361.55
3435;53;2;7874.07
3436;53;2;7529.3
3437;53;2;14133.83
3438;53;2;11752.2
3439;54;2;36380.64
3440;54;1;17481.2
3441;55;2;8791.8
3442;55;2;3255.6
3444;55;2;7189.69
3445;56;8;5314.14
3446;56;8;8653.01
3447;56;8;8933.93
3448;56;8;7456.75
3449;56;8;9716.66
3450;56;8;12563.06
3451;56;8;7762.65
3453;56;8;6928.1
3454;56;8;9749.64
3455;56;8;7245.67
3456;56;8;12080.58
3457;56;8;11847.69
3458;57;8;37161.38
3462;57;8;6574.36
3463;57;8;6066.29
3464;58;8;80999.63
3466;58;8;10972.76
3467;58;8;6043.31
3468;59;2;43746.9
3469;59;2;15445.78
2563;79;6;57666.25
2564;79;6;276505.01
2565;79;6;68415.13
2566;79;6;204979.92
2567;79;6;113893.38
2568;79;6;239320.07
2569;79;6;26102.21
2570;79;6;98867.68
2571;79;6;16083.89
2572;79;6;69173.97
2573;79;6;107027.38
2574;79;6;102098.83
2575;79;6;217929.53
2576;79;6;110915.59
2577;79;6;58987.69
2578;79;6;83627.63
2579;79;6;34563.13
2580;79;6;657741.97
2582;80;7;137277.9
2583;80;7;240861.4
2584;80;7;66439.37
2585;80;7;250343
2586;81;7;740268.04
2587;81;7;744702.83
2588;81;7;463853.77
2589;82;7;226406.07
2590;82;7;297174.23
2591;82;7;912027.39
2592;82;7;287486.45
2593;82;7;149374.57
2594;82;7;317157.17
2595;83;8;89013.64
2596;83;8;322530.51
2597;83;8;355431.31
2598;83;8;350527.22
2599;83;8;41820.83
2600;83;8;526988.59
2601;84;7;417841.21
2602;84;7;590955.4
2603;84;7;346444.48
2604;85;8;220852.15
2605;85;8;386775.59
2606;85;8;327534.71
2607;85;8;653357.95
2608;85;8;514030.51
2609;86;8;462234.42
2610;86;8;743500.42
2611;86;8;628186.57
2612;87;8;168687.82
2613;87;8;176960.49
2614;87;8;188011.23
2615;87;8;84979.63
2616;87;8;113288.85
2617;87;8;122538.94
2618;87;8;5883.52
2619;87;8;37534.71
2620;87;8;102824.22
2621;87;8;144573.17
2622;87;8;306641.07
2623;88;8;229630.19
2624;88;8;206463.31
2625;88;8;282122.54
2626;88;8;194289.27
2627;88;8;81865.09
2628;88;8;79688.33
2629;88;8;111562.53
2630;89;2;12623.96
2631;89;2;69723.99
2632;89;2;26591.57
2633;89;2;243662.14
2635;90;2;16074.29
2636;90;2;67092.59
2637;90;2;49608.88
2638;90;2;10468.55
2639;90;2;15358.16
2640;90;2;19286.28
2641;90;2;21380.58
2642;90;2;18554.79
2643;90;2;57316.64
2644;90;2;288768.88
2645;90;2;396872.89
2646;91;2;107152.76
2647;91;2;74910.3
2648;91;2;1105015.35
2649;92;2;725479.54
2650;92;2;1060771.88
2651;92;2;454008.04
2652;79;6;136532.34
2654;22;7;13918.34
2655;22;7;12013.28
2656;22;7;20739.35
2657;22;7;10841.86
2658;22;7;13397.35
2659;35;3;8580.85
2660;35;3;13162.4
2661;35;2;21693.35
2662;35;2;13337.15
2663;35;2;5640.04
2664;35;2;8853.73
2665;35;2;12748.24
2666;40;6;9784.44
2667;40;6;48594.96
2668;41;6;26730.77
2669;41;6;23790.46
2670;41;6;21902.83
2671;41;6;9370.64
2672;41;6;10043.66
2673;41;6;45426.41
2674;41;6;27994.21
2675;43;5;30248.7
2676;43;5;29836.74
2677;43;5;31289.85
2678;43;5;8248.69
2679;43;5;7280.97
2680;47;5;11580.33
2681;47;5;12912.59
2682;48;5;9017.28
2683;48;5;9015.46
2684;48;5;26441.36
2685;48;5;28154.07
2686;48;5;44369.05
2687;48;5;35296.59
2688;48;5;135812.99
2689;50;4;13239.65
2690;50;4;18023.58
2691;50;4;33931.43
2692;52;3;15013.39
2693;52;3;17455.28
2694;52;3;21921.99
2695;53;2;5336.78
2696;53;2;11679.43
2697;53;2;7602.76
2698;53;2;6073.66
2699;53;2;5636.56
2700;53;2;7508.1
2701;53;2;9244.9
2702;53;2;9081.52
2703;53;2;12950.77
2704;55;2;17586.4
2705;55;2;13443.65
2706;55;2;11355.68
2707;56;8;6809.56
2708;56;8;16188.61
2709;56;8;6924.47
2710;59;2;17919.85
2711;59;2;32901.66
2712;59;2;30856.22
2713;59;2;16111.73
2714;59;2;14156.13
2715;59;2;34863.63
2716;59;2;30083.69
2717;59;2;21184.11
2718;59;2;23531.82
2719;59;2;12060.12
2720;59;2;67162.6
2721;59;2;25378.3
2722;60;2;17787.05
2723;60;2;31844.66
2724;60;2;17808.83
2725;60;2;31309.04
2726;60;2;30488.97
2727;61;8;31389.84
2728;61;8;19350.69
2729;61;8;5915.79
2730;61;8;32011.52
2731;61;8;33604.26
2732;61;8;37126.46
2733;61;8;14526.73
2734;61;8;21031.69
2735;61;8;20454.15
2736;61;8;24840.27
2737;61;8;22849.26
2738;61;8;19398.75
2739;62;2;10601
2740;62;2;85185.78
2741;62;2;38422.32
2742;62;2;17853.38
2743;62;2;21031.73
2744;62;2;25679.38
2745;62;2;124967.98
2746;62;2;52046.04
2747;63;3;5493.93
2748;63;3;11959.76
2749;63;3;15208.2
2750;63;3;66169.86
2751;63;3;47910.21
2752;63;3;37157.38
2753;65;5;55676.76
2754;65;5;88785.67
2755;65;5;45256.93
2756;65;5;115956.21
2757;65;5;28975.94
2758;65;5;71905.14
2759;65;5;55175.41
2760;65;5;38240.19
2761;65;5;39884.16
2762;66;5;9026.22
2763;66;5;5995.44
2764;77;6;91114.77
2765;77;6;128445.52
2766;77;6;82053.09
2767;89;2;19031.43
2768;89;2;11955.25
2769;89;2;30954.19
2770;89;2;53002.76
2771;89;2;11629.34
2772;89;2;13812.09
2773;89;2;17999.36
2774;89;2;19275.11
2775;89;2;28199.28
2776;90;2;36191.9
2777;90;2;37346.76
2778;90;2;61943.05
2779;90;2;29070.9
2780;90;2;249682.68
2781;90;2;29905.83
2782;90;2;47206.09
2783;90;2;23689.06
2784;90;2;41203.65
2785;91;2;61647.36
2786;91;2;74852.59
2787;91;2;105398.06
2788;91;2;52834.55
2789;17bis;3;21953.7
2790;43;5;20949.38
2791;47;5;71401.57
2792;68;6;390047.17
2794;76;6;1590528.24
2796;11;7;3795.93
2797;16;4;10294.05
2799;22;7;17078.28
2800;22;7;13272.51
2801;22;7;9857.92
2802;22;7;10551.5
2803;22;7;8431.26
2805;22;7;8341.5
2806;22;7;14489.89
2807;22;7;8808.5
2808;22;7;15676.09
2809;22;7;36869.84
2810;25;4;33164.75
2811;29;4;30625.54
2812;35;3;8084.87
2813;35;3;30178.17
2814;35;3;6577.79
2815;37;6;15846.11
2816;37;6;8066.27
2817;37;6;27897.89
2818;37;6;11305.4
2819;37;6;9895.19
2820;37;6;6671.07
2821;37;6;5176.95
2822;37;6;6368.2
2823;37;6;13244.17
2824;37;6;19795.04
2825;40;6;32207.84
2826;40;6;17324.27
2827;40;6;14700.98
2829;41;6;9277.54
2830;41;6;62265.3
2831;41;6;70768.78
2832;41;6;22594.95
2833;42;5;12118.92
2834;42;5;9926.55
2835;43;5;15785.19
2836;43;5;6122.24
2837;45;5;28659.86
2838;45;5;20975.57
2840;45;5;9448.05
2841;45;5;31378.79
2842;46;5;25092.7
2843;46;5;31154.61
2844;46;5;19726.87
2845;46;5;6519.64
2846;46;5;10448.45
2847;46;5;1977.75
2848;46;5;4572.42
2849;46;5;8448.66
2850;48;5;70121.49
2851;48;5;5730.03
2852;48;5;42844.18
2853;48;5;45868.25
2854;48;5;16767.9
2855;48;5;14795.63
2856;48;5;14307.37
2857;48;5;7642.01
2858;48;5;25731.29
2859;48;5;7232.83
2860;48;5;21081.98
2861;48;5;11391.34
2862;48;5;17661.63
2863;48;5;30880.18
2864;48;5;47344.47
2865;48;5;73506.1
2866;48;5;37628.49
2867;50;4;28622.73
2868;50;4;5211.44
2869;50;4;6577.9
2870;50;4;16887.85
2871;50;4;29318.34
2872;50;4;37482.31
2873;50;4;7176.45
2874;51;3;5704.81
2875;51;3;10425.29
2876;51;3;6298.43
2877;51;3;10044.26
2879;51;3;11238.49
2880;51;3;14651.35
2881;51;3;13540.35
2882;51;3;16685.72
2883;51;3;12949.99
2885;51;3;9736.54
2886;52;3;18988.66
2887;52;3;21510.79
2888;52;3;14650.18
2889;52;3;13011.88
2890;52;3;12951.05
2891;52;3;21841.42
2892;52;3;25138.46
2894;52;3;19855.14
2895;52;3;41916.98
2896;52;3;12683.06
2898;52;3;17587.16
2899;52;3;11253.82
2900;52;3;9224.1
2901;52;3;20166.97
2902;52;3;12807.86
2903;52;3;22886.75
2904;52;3;14753.38
2905;53;2;7325.87
2906;53;2;5427.84
2907;53;2;6675.59
2908;53;2;6752.84
2909;53;2;5490.24
2910;55;2;24973.92
2911;55;2;10321.85
2912;55;2;9718.48
2913;55;2;39722.91
2914;55;2;12593.02
2915;55;2;39849.04
2916;56;8;12070.85
2917;56;8;9191.59
2918;56;8;8458.4
2919;56;8;13099.91
2920;56;8;16947.99
2921;56;8;17359.66
2922;56;8;9207.38
2923;56;8;5293.16
2924;56;8;14902.74
2925;57;8;9962.12
2926;58;8;33504.27
2928;58;8;8349.81
2929;58;8;30255.72
2930;58;8;15342.9
2931;58;8;8120.21
2932;58;8;8122.51
2933;58;8;23404.62
2934;59;2;64091.81
2935;59;2;25552.29
2936;59;2;13427.81
2937;59;2;8651.53
2939;59;2;6180.76
2940;59;2;8518.56
2942;59;2;7897.75
2943;59;2;8077.65
2945;59;2;7383.32
2946;59;2;14673.97
2947;59;2;76080.16
2948;59;2;19986.11
2949;59;2;22785.36
2950;59;2;16486.9
2951;60;2;18670.34
2952;60;2;12139.48
2953;60;2;14981.79
2954;60;2;17258.1
2955;60;2;16625.01
2956;60;2;19876.45
2957;60;2;32844.77
2958;60;2;18368.81
2959;60;2;28117.65
2960;61;8;15843.6
2961;61;8;13748.45
2962;61;8;22175.46
2963;61;8;10459.78
2964;61;8;12249.67
2965;61;8;9434.04
2966;61;8;7365.63
2968;61;8;10366.15
2970;61;8;10350.5
2971;61;8;10175.52
2973;61;8;15510.3
2974;61;8;12457.29
2975;61;8;12005.2
2976;61;2;19626.16
2978;61;2;31908.52
2979;61;2;16021.11
2140;53;2;9734.81
2141;53;2;11036.16
2142;53;2;15567.11
2143;53;2;23019.48
2144;53;2;8228.33
2145;53;2;50256.24
2146;54;2;16478.45
2147;54;1;89701.52
2148;54;1;21113.23
2149;54;1;29403.89
2150;54;1;9650.16
2151;54;1;10989.17
2152;54;1;11681.1
2153;54;1;11492.97
2154;54;2;64579.5
2155;54;2;107619.02
2156;54;2;339491.5
2157;54;2;101544.65
2158;54;2;148088.48
2159;54;2;18074.28
2160;54;2;13031.89
2161;55;2;21999.98
2162;55;2;16115.02
2163;55;2;14920.59
2164;55;2;29695.73
2166;55;2;150115.1
2167;55;2;18231.06
2168;55;2;36237.82
2169;55;2;25198.24
2170;55;2;12489.59
2171;55;2;22166.48
2172;55;2;12577.76
2173;55;2;12762.05
2174;55;2;22238.54
2175;55;2;23862.71
2176;55;2;21349.74
2177;55;2;41517.81
2178;55;2;38735.32
2179;55;2;36015.38
2180;55;2;26659.63
2181;55;2;10070.8
2182;56;1;13525.47
2184;56;8;35640.05
2185;56;8;25581.84
2186;56;8;31178.32
2187;56;8;68490.55
2190;56;8;27483.21
2191;56;8;22409.08
2192;56;8;20933.1
2193;56;8;15247.74
2194;56;8;14815.59
2195;56;8;13590.09
2196;56;8;12504.34
2197;56;8;38158.76
2198;56;8;77315.2
2200;56;8;36624.69
2201;56;8;17520.71
2202;56;8;7988.6
2203;56;8;22747.02
2204;56;8;20512.28
2205;56;8;28884.34
2206;56;8;9142.82
2207;56;8;14235.33
2208;56;8;9608.07
2209;56;8;16558.56
2210;56;8;7656.01
2211;56;8;23235.1
2212;56;8;19094.53
2213;56;8;90112.06
2214;56;8;15459.14
2215;56;8;10887.36
2216;56;8;6360.56
2217;56;8;22310.94
2218;56;8;26513.22
2219;56;8;19974.54
2220;56;8;16879.35
2221;56;8;8033.34
2223;57;8;9420.23
2224;57;8;15907.05
2225;57;8;31101.92
2226;57;8;111113.32
2228;57;8;15323.33
2229;57;8;8441.37
2230;57;8;9648.91
2233;57;8;9261.99
2235;57;8;9249.03
2236;57;8;12203.34
2237;57;8;9137.33
2238;57;8;11565.17
2239;57;8;6412.22
2240;57;8;9401.83
2241;57;8;14732.55
2242;57;8;8564.95
2244;57;8;10841.32
2245;57;8;10065.37
2246;57;8;7243.85
2247;57;8;7744.48
2248;57;8;4014.76
2249;57;8;22541.13
2250;57;8;5349.42
2251;57;8;6543.15
2252;57;8;10024.22
2253;57;8;16674.19
2254;57;8;21101.89
2256;57;8;11279.61
2257;57;8;6619.8
2258;57;8;7575.94
2259;57;8;9917.06
2261;57;8;4906.75
2262;57;8;4808.6
2263;57;8;5244.83
2264;57;8;10359.55
2266;57;8;12424.31
2267;57;8;11071.52
2268;57;8;8360.7
2269;57;8;30880.52
2271;57;8;287953.22
2272;57;8;13206.42
2273;57;8;20329.96
2274;57;8;28113.66
2275;57;8;7354.34
2276;57;8;13812.43
2277;57;8;4271.48
2278;57;8;8705.44
2279;57;8;12135.04
2280;57;8;27639.67
2281;57;8;4992.12
2282;57;8;11240.34
2283;57;8;9411.24
2284;57;8;8752.33
2286;58;8;231244.83
2287;58;8;39421.5
2288;58;8;23446.69
2289;58;8;222435.2
2290;58;8;16813.69
2291;58;8;10084.08
2292;58;8;6058.6
2293;58;8;28410.58
2294;58;8;28625.78
2295;58;8;316918.68
2296;58;8;39668.88
2297;58;8;24998.62
2298;58;8;13558.3
2299;58;8;21250.86
2300;58;8;15698.92
2301;58;8;17287.92
2302;58;8;14209.38
2303;58;8;36567.54
2304;58;8;23943.39
2305;58;8;13279.94
2306;58;8;23625.57
2307;58;8;16468.03
2308;58;8;16326.53
2309;58;8;15904.77
2310;58;8;32000.86
2311;58;8;13967.48
2312;59;2;75729.45
2313;59;2;13640.44
2314;59;2;12619.76
2315;59;2;16378.5
2316;59;2;10979.75
2317;59;2;11596.56
2318;59;2;19734.75
2319;59;2;10588.42
2320;59;2;44867.03
2321;59;2;11195.74
2322;59;2;7560.18
2323;59;2;41507.14
2324;59;2;10592.57
2325;59;2;8076.4
2326;59;2;15483.96
2327;59;2;28636.68
2328;59;2;23159.46
2329;59;2;23844.51
2330;59;2;27081.63
2331;59;2;20548.15
2332;59;2;9780.32
2333;59;2;25053.42
2334;59;2;16335.65
2335;59;2;20260.13
2336;60;2;24485.84
2337;60;2;28140.47
2338;60;2;26765.04
2339;60;2;25564.89
2341;60;2;47582.27
2342;60;2;14540.11
2343;60;2;20816.99
2344;60;2;13510.73
2345;60;2;15866.36
2346;60;2;10904.59
2347;60;2;50444
2348;60;2;20647.1
2349;60;2;25176.47
2350;60;2;16660.77
2351;60;2;19907.54
2352;60;2;24638.14
2353;60;2;21041.97
2355;60;2;142354.51
2356;61;8;15333.81
2357;61;8;9950.96
2358;61;8;21686.46
2359;61;8;25913.53
2360;61;8;9354.08
2361;61;8;12584.92
2362;61;8;19642.89
2363;61;8;11603.4
2364;61;8;26074.34
2365;61;8;16400.35
2366;61;8;46260.95
2367;61;8;12481.98
2368;61;8;47982.67
2369;61;8;27676.33
2370;61;8;55405.34
2371;61;8;46304.51
2372;61;8;13804.69
2373;61;2;33250.45
2374;61;2;19558.79
2375;61;2;48450.47
2376;62;2;166554.92
2377;62;2;68956.01
2378;62;2;50554.9
2379;62;2;37809.31
2380;62;2;120448.16
2382;63;3;30621.19
2383;63;3;11514.81
2384;63;3;12405.73
2385;63;3;23369.16
2386;63;3;57746.39
2387;63;3;8138.4
2388;63;3;8768.3
2389;63;3;9137.24
2390;63;3;5607.99
2391;63;3;11158.58
2392;63;3;11523.84
2393;63;3;10298.61
2394;63;3;8444.11
2395;63;3;8678.78
2396;63;3;26962.54
2397;63;3;8436.72
2398;63;3;11824.83
2399;63;3;201087.63
2400;63;3;95958.09
2401;63;3;20611.64
2402;63;3;42227.29
2403;63;3;29054.98
2404;63;3;29056.04
2405;63;3;57368.93
2406;63;3;45986.27
2407;63;3;16924.85
2408;63;3;70404.41
2409;64;4;320707.44
2410;64;4;387229.62
2411;64;4;13590.46
2412;64;4;10330.34
2413;64;4;12754.45
2414;64;4;405096.09
2415;64;4;153115.33
2416;64;4;16683.95
2417;64;4;24663.56
2418;64;4;9957.46
2419;64;4;12264.84
2420;65;5;814991.78
2421;65;5;120066.97
2422;65;5;25639.52
2423;65;5;47803.96
2424;65;5;93264.48
2425;65;5;200763.07
2426;66;5;34664.8
2427;66;5;29553.11
2428;66;5;194352.5
2429;66;5;96627.25
2430;66;5;85765.57
2431;66;5;778280.17
2432;66;5;174300.14
2433;66;5;20747.93
2434;66;5;15231.61
2435;66;5;32574.25
2436;66;5;51896.58
2437;66;5;370708.52
2438;67;5;627336.22
2439;67;5;412398.7
2441;67;5;42143.71
2442;67;5;51840.87
2443;67;5;98083.03
2444;67;5;39266.68
2445;67;5;12822.1
2446;67;5;58107.65
2447;67;5;104250.89
2448;68;6;76871.78
2449;68;6;11480.86
2450;68;6;54787.17
2451;68;6;8385.76
2452;68;6;64050.06
2453;68;6;9422.35
2454;68;6;15587.09
2455;68;6;14769.99
2456;68;6;8317.16
2457;68;6;15435.17
2458;68;6;15297.42
2459;68;6;44419.92
2460;68;6;35801.73
2461;68;6;510040.36
2462;68;6;277452.48
2463;68;6;169699.87
2464;69;8;95295.95
2465;69;8;198788.7
2466;69;8;71979.11
2467;69;8;131353.14
2468;69;8;145007.73
2469;69;8;189866.02
2470;69;8;114519.95
2471;69;8;56036.68
2473;70;8;67850.55
2474;70;8;244575.06
2475;70;8;38950.89
2476;70;8;5068.48
2477;70;8;6027.62
2478;70;8;12068.75
2479;70;8;14712.69
2480;70;8;242773.25
2481;70;8;23455.52
2482;70;8;134326.23
2483;70;8;131500.75
2484;70;8;75737.86
2485;70;8;47219.96
2486;70;8;127542.48
2487;71;7;72049.66
2488;71;7;32456.15
2489;71;7;17268.55
2490;71;7;50021.1
2491;71;7;16241
2492;71;7;34497.86
2493;71;7;23547.91
2494;71;7;41820.09
2495;71;7;13933.35
2496;71;7;11645.87
2497;71;7;18575.2
2498;71;7;6585.17
2499;71;7;11642.63
2500;71;7;9693.19
2501;72;7;213217.65
2502;72;7;171639.36
2503;72;7;57357.42
2504;72;7;45797.9
2506;72;7;210613.67
2507;72;7;144969.52
2508;72;7;51094.34
2509;72;7;23226.05
2510;72;7;26016.37
2511;72;7;14776.29
2512;72;7;9385.32
2513;72;7;28845.05
2514;72;7;13329.55
2515;72;7;104828.23
2516;72;7;46928.02
2517;72;7;32892.3
2518;72;7;8494.44
2519;72;7;13407.74
2520;73;7;171812.37
2521;73;7;788862.73
2522;73;7;482618.26
2523;73;7;125044.53
2524;74;7;697038.5
2525;74;7;127941.72
2526;74;7;246958.54
2527;74;7;419705.04
2528;74;7;197500.27
2529;74;7;431376.13
2530;74;7;436537.74
2531;75;8;198849.38
2532;75;8;250122.27
2533;75;8;508143.71
2534;75;8;57307.36
2535;75;8;248552.62
2536;75;8;56509.89
2537;76;6;848814.38
2538;76;6;1301871.66
2539;76;6;371143.11
2540;76;6;270410.75
2542;77;6;452535.79
2543;77;6;118440.73
2544;77;6;495294.39
2545;77;6;189777.53
2546;77;6;689388.13
2548;78;6;378252.12
2550;78;6;80011.15
2551;78;6;55740.43
2552;78;6;33549.16
2553;78;6;16541.64
2554;78;6;42140.39
2555;78;6;40981.18
2556;78;6;88432.04
2557;78;6;95428.74
2558;78;6;27302.19
2559;78;6;1771415.43
2560;79;6;120456.41
2561;79;6;167230.96
2562;79;6;279354.64
1733;40;6;13233.96
1735;40;6;38698.71
1736;40;6;9803.91
1737;40;6;14894.56
1738;40;6;10453.51
1739;40;6;29923.41
1740;40;6;11267
1741;40;6;15917.37
1742;40;6;25942.77
1743;40;6;68693.83
1744;40;6;7956.57
1745;40;6;10788.81
1746;40;6;6615.38
1747;40;6;6856.41
1748;40;6;11172.17
1749;40;6;128373.72
1750;40;6;17437.5
1751;40;6;46783.58
1752;40;6;8269.47
1753;40;6;13970.2
1754;40;6;136570.6
1755;40;6;16406.24
1756;40;6;46152.14
1757;41;6;45494.51
1758;41;6;14181.44
1759;41;6;14517.01
1760;41;6;17109.96
1761;41;6;4044.05
1762;41;6;13859.63
1763;41;6;36454.04
1764;41;6;15803.55
1765;41;6;8112.7
1766;41;6;6789.1
1767;41;6;9712.78
1768;41;6;7280.02
1769;41;6;7584.78
1770;41;6;26885.4
1771;41;6;19453.72
1772;41;6;61026.58
1773;41;6;32690.21
1774;41;6;22831.59
1775;42;5;15965.55
1776;42;5;10673.63
1777;42;5;15443.28
1778;42;5;13355.14
1779;42;5;8968.16
1780;42;5;8932.55
1781;42;5;19254.43
1782;42;5;8515.23
1783;42;5;8482.29
1784;42;5;15194.63
1785;42;5;20340.21
1786;42;5;11086.43
1787;42;5;6012.61
1788;42;5;12653.6
1789;42;5;7058.94
1790;42;5;16542.65
1791;42;5;12653.34
1792;42;5;7138.4
1793;42;5;13376.79
1794;42;5;17595.54
1795;42;5;22943.79
1796;42;5;14600.69
1797;42;5;13823.69
1798;42;5;18203.82
1799;42;5;13855.35
1800;42;5;13315.81
1801;42;5;13996.44
1802;42;5;22570.97
1803;42;5;7293.33
1804;42;5;5520.49
1805;42;5;11965.27
1806;42;5;7502.8
1807;42;5;11039.89
1808;42;5;10492.5
1809;42;5;14170.89
1810;42;5;12358.83
1811;42;5;9519.22
1812;42;5;14474.59
1813;43;5;29930.08
1814;43;5;9904.85
1815;43;5;9979.7
1816;43;5;11133.24
1817;43;5;24788.96
1818;43;5;29191.48
1819;43;5;62822.44
1820;43;5;8117.76
1821;43;5;35607.47
1822;43;5;30659.06
1823;43;5;50573.71
1824;43;5;8806.03
1825;43;5;9014.18
1826;43;5;9644.55
1827;43;5;9892.6
1828;43;5;9523.77
1829;43;5;9334.83
1830;43;5;9583.17
1831;43;5;9397.09
1833;43;5;92644.6
1834;43;5;10989.66
1835;43;5;9369.47
1836;43;5;20246.72
1837;43;5;20532.26
1838;43;5;10887.69
1839;43;5;11148.73
1840;43;5;14567.13
1841;43;5;10965.61
1842;43;5;11009.01
1843;43;5;11130.3
1844;43;5;10006.85
1845;44;5;13344.45
1846;44;5;9253.86
1847;44;5;19853.63
1848;44;5;21919.56
1849;44;5;16520.25
1850;44;5;57189.27
1851;44;5;4745.85
1852;44;5;26481.1
1853;44;5;28654.27
1854;44;5;8923.97
1855;44;5;6258.19
1856;44;5;15939.38
1857;44;5;282800.8
1858;44;5;16659.21
1859;44;5;9931.95
1860;44;5;3682.62
1861;44;5;7955.45
1862;44;5;11490.64
1863;44;5;28727.05
1864;44;5;42455.52
1868;45;5;14529.54
1869;45;5;8235.38
1870;45;5;8240.76
1871;45;5;16921.73
1872;45;5;7990.82
1873;45;5;28496.77
1874;45;5;13434.39
1875;45;5;38675.75
1877;45;5;21735.21
1878;45;5;18410.11
1879;45;5;15361.04
1880;45;5;6430.69
1881;45;5;34203.47
1882;45;5;32226.19
1883;45;5;30903.46
1884;45;5;49107.97
1885;45;5;11680.67
1886;45;5;52789.88
1887;45;5;14308.38
1888;45;5;10071.6
1889;45;5;13828.42
1890;45;5;5171.79
1891;45;5;8611.23
1892;45;5;12993.87
1893;45;5;11418.05
1894;45;5;18254.11
1895;45;5;13613.59
1896;45;5;12268.87
1897;45;5;5960.94
1898;45;5;12247.15
1899;45;5;7460.96
1900;45;5;7573.32
1901;46;5;20479.93
1902;46;5;20317.35
1903;46;5;27171.93
1904;46;5;17806.6
1905;46;5;22176.4
1906;46;5;10533.83
1907;46;5;8956.86
1908;46;5;8748.63
1909;46;5;8544.74
1910;46;5;8727.19
1911;46;5;39694.07
1912;46;5;21204.17
1913;46;5;25676.48
1914;46;5;7888.74
1915;46;5;11117.75
1916;46;5;15340.78
1917;46;5;10346.4
1918;46;5;6740.17
1919;46;5;28889.21
1920;46;5;15169.55
1921;46;5;62592.2
1922;46;5;14251.7
1923;46;5;22460.74
1924;46;5;20152.74
1925;47;5;12472.56
1926;47;5;12968.68
1927;47;5;10799.99
1928;47;5;15509.92
1929;47;5;24765.41
1930;47;5;7342.99
1931;47;5;19146.29
1932;47;5;11605.21
1933;47;5;10920.46
1934;47;5;9765
1935;47;5;8344.99
1937;47;5;10351.5
1938;47;5;12620.56
1939;47;5;18312.94
1940;47;5;50606.35
1941;47;5;48529.53
1942;47;5;4261.19
1943;47;5;18489.81
1944;47;5;16001.68
1945;47;5;10877.87
1946;47;5;5190.28
1947;47;5;7083.43
1948;47;4;32356.04
1949;47;4;13296.04
1950;47;4;12552.82
1951;47;4;71861.31
1952;47;4;18537.47
1953;47;4;19088.39
1954;47;4;141331.09
1955;48;5;43493.09
1956;48;5;44578.4
1957;48;5;40344.16
1958;48;5;14810.26
1959;48;5;32573.23
1960;48;5;32974.36
1961;48;5;44531.88
1962;48;5;43998.17
1963;48;5;8459.92
1964;48;5;10102.83
1965;48;5;8384.08
1966;48;5;16007.98
1967;48;5;7865.35
1968;48;5;11300.64
1969;48;5;22193.64
1970;48;5;11566.22
1971;48;5;9872.24
1972;48;5;13881.76
1973;48;5;13238.52
1974;48;5;33343.16
1975;48;5;14845.83
1976;48;5;7992.38
1977;48;5;8358.66
1978;48;5;11763.51
1979;48;5;10775.07
1980;48;5;77047.3
1981;48;5;38151.58
1982;48;5;37901.87
1983;48;5;13504.1
1984;48;5;35045.59
1985;48;5;33240.33
1986;48;5;29808.04
1987;48;5;10375.79
1988;48;5;10325.03
1989;48;5;7143.38
1990;48;5;10041.74
1991;48;5;7500.1
1992;48;5;7678.36
1994;49;4;504462.98
1996;50;4;187404.51
1997;50;4;107980.31
1998;50;4;27337.6
1999;50;4;32208.7
2000;50;4;27601.14
2001;50;4;33631.81
2002;50;4;16645.91
2003;50;4;41540.7
2004;50;4;27667.01
2005;50;4;21093.49
2006;50;4;12166.09
2007;50;4;20930.87
2008;50;4;16256.4
2009;50;4;22210.45
2010;50;4;8028.45
2011;50;4;9462.57
2012;50;4;12832.24
2013;50;4;23636.87
2014;50;4;7801.67
2015;50;4;11057.32
2016;50;4;11947.45
2017;50;4;8043.19
2018;50;4;28861.6
2019;50;4;19971.46
2020;50;4;9937.37
2021;50;4;7719
2022;50;4;7572.24
2023;50;4;16054.4
2024;50;4;10554.06
2025;50;4;11652.32
2026;50;4;6141.88
2027;50;4;7575.57
2028;50;4;18560.16
2029;50;4;35729.98
2030;50;4;10279.64
2031;50;4;8819.07
2032;50;4;8805.96
2033;50;4;11174.58
2034;50;4;10985.25
2035;50;4;7672.1
2036;50;4;10485.01
2037;50;4;5193.3
2038;50;4;6158.98
2039;50;4;16408.48
2040;50;4;45678.05
2041;50;4;41694.98
2042;50;4;19402.83
2043;50;4;10204.88
2044;50;4;9503.3
2045;50;4;11344.59
2046;50;4;10579.43
2047;50;4;7389.02
2048;50;4;16278.6
2049;50;4;8994.27
2050;50;4;34416.14
2051;50;4;15267.97
2052;50;4;14542.76
2053;50;4;9372.29
2054;50;4;10541.8
2055;50;4;9831.89
2056;51;3;34635.96
2057;51;3;16008.8
2058;51;3;20115.59
2059;51;3;8982.6
2060;51;3;9587.39
2061;51;3;48232.38
2062;51;3;6633.35
2063;51;3;15154.63
2064;51;3;14192.67
2065;51;3;9787.79
2066;51;3;13964.56
2067;51;3;12114.2
2068;51;3;15360.48
2069;51;3;20118.24
2070;51;3;30366.01
2071;51;3;15822.34
2072;51;3;8758.06
2073;51;3;11256.77
2074;51;3;11820.45
2075;51;3;12577.03
2076;51;3;16513.98
2077;51;3;17864
2079;51;3;10684.62
2080;51;3;26941.14
2081;51;3;74697.46
2082;51;3;19846.26
2083;51;3;15620.59
2084;51;3;20114.58
2085;51;3;10771.36
2086;51;3;13047.3
2087;51;3;19378.87
2089;51;3;26714.92
2090;51;3;12722.69
2091;52;3;13583.52
2092;52;3;65019.07
2093;52;3;18755.18
2094;52;3;12177.67
2095;52;3;28351.65
2096;52;3;26210.08
2097;52;3;117276.91
2098;52;3;17907.39
2099;52;3;36984.57
2100;52;3;20403.67
2101;52;3;16470.28
2102;52;3;250604.25
2103;53;2;90711.98
2104;53;2;13565.3
2105;53;2;35089.68
2106;53;2;17399.05
2107;53;2;11133.85
2108;53;2;9641.77
2109;53;2;7848.9
2110;53;2;7155.67
2111;53;2;6786.25
2112;53;2;6120.97
2113;53;2;6941.13
2114;53;2;19799.76
2115;53;2;9746.55
2116;53;2;9936.2
2117;53;2;7605.08
2118;53;2;41597.61
2119;53;2;9333.78
2120;53;2;8530.78
2121;53;2;8387.41
2122;53;2;8632.21
2123;53;2;13495.72
2124;53;2;7501.08
2125;53;2;8760.41
2126;53;2;10267.08
2127;53;2;8453.34
2128;53;2;10936.86
2129;53;2;7327.84
2130;53;2;9612.36
2132;53;2;15681.58
2133;53;2;6642.05
2134;53;2;10075.06
2135;53;2;8836.32
2136;53;2;11284.2
2137;53;2;13511.33
2138;53;2;22477.17
2139;53;2;12816.26
1325;30;4;6566.36
1326;30;4;10940.64
1327;30;4;10687.25
1328;30;4;10138.3
1329;30;4;6953.36
1330;30;4;6918.16
1331;30;4;7803.96
1332;30;4;10809.91
1333;30;4;16048.68
1334;30;4;12940.2
1335;30;4;15961.52
1336;30;4;14075.73
1337;30;4;10760.12
1338;30;4;9255.43
1339;30;4;12693.43
1340;30;4;12153.35
1341;30;4;21978.42
1342;30;4;7194.41
1343;30;4;4772.43
1344;30;4;13772.37
1345;30;4;14793.41
1346;30;4;13860.71
1347;30;4;15209.31
1348;30;4;16477.86
1349;30;4;15014.23
1350;30;4;118900.4
1351;30;4;53429.04
1352;30;4;14252.89
1353;30;4;15578.28
1354;30;4;11953.72
1355;31;3;11853.04
1356;31;3;15910.66
1357;31;3;8118.53
1358;31;3;17474.27
1360;31;3;14096.07
1361;31;3;8126.32
1362;31;3;8702.93
1363;31;3;13613.62
1364;31;3;14202.8
1365;31;3;27368.17
1366;31;3;37617.39
1367;31;3;4580.97
1368;31;3;9593.75
1369;31;3;8570.56
1370;31;3;7175.59
1371;31;3;43421.28
1372;31;3;10192.48
1373;32;3;7362.85
1374;32;3;15636.36
1375;32;3;16883.97
1376;32;3;11314.46
1377;32;3;26436.35
1378;32;3;12586.55
1379;32;3;7718.49
1380;32;3;5830.08
1381;32;3;9912.78
1382;32;3;6107.89
1383;32;3;9056.7
1384;32;3;5150.97
1385;32;3;15793.21
1386;32;3;8523.85
1387;32;3;18838.25
1388;32;3;7036.79
1389;32;3;29769.13
1390;32;3;46959.07
1391;32;3;20897.13
1392;32;3;54451.57
1393;32;3;27181.15
1394;32;3;28218.05
1395;32;3;18907.69
1396;32;3;42941.04
1397;32;3;9323.62
1398;32;3;6095.67
1399;32;3;7783.28
1400;32;3;5658.4
1401;32;3;11465.36
1402;32;3;7894.58
1403;32;3;6948.49
1404;32;3;15312.03
1405;32;3;18681.52
1406;32;3;11808.67
1407;32;3;10792.29
1408;32;3;8606.35
1409;32;3;9475.76
1410;32;3;9870.68
1411;32;3;12654.66
1412;32;3;12779.28
1413;32;3;9241.01
1414;32;3;7731.92
1415;32;3;12020.11
1416;32;3;6611.82
1417;32;3;10137.82
1418;32;3;8031.89
1419;32;3;14505.88
1420;32;3;9409.42
1421;32;3;13071.1
1422;33;3;11716.13
1423;33;3;19992.28
1425;33;3;24252.64
1426;33;3;19503.83
1427;33;3;7758.11
1428;33;3;7581.53
1429;33;3;7392.2
1430;33;3;5102.64
1431;33;3;17100.64
1432;33;3;12855.51
1434;33;3;7790.66
1435;33;3;6402.06
1436;33;3;8207.8
1437;33;3;5822.11
1438;33;3;7472.09
1439;33;3;5803.84
1440;33;3;6405.03
1441;33;3;5214.47
1442;33;3;12485.52
1443;33;3;13527.46
1444;33;3;41812.75
1445;33;3;12373.2
1446;33;3;12258.82
1447;33;3;15751.36
1448;33;3;8937.76
1449;33;3;5200.44
1450;33;3;5247.06
1451;33;3;12722.88
1452;33;3;6887.85
1453;33;3;7318.93
1454;33;3;9763.23
1455;33;3;19454.6
1457;33;3;4237.89
1458;33;3;3139.61
1459;33;3;6664.31
1460;33;3;7037.75
1461;33;3;7482.01
1462;33;3;7495.03
1463;33;3;5329.93
1464;33;3;5305.74
1465;33;3;5439.17
1466;33;3;8041.01
1467;33;3;12116.3
1468;33;3;14325.29
1469;33;3;7271.04
1470;33;3;8755.9
1471;33;3;9712.56
1472;33;3;12007.76
1473;33;3;13178.36
1474;33;3;9557.2
1475;33;3;6940.21
1476;33;3;4949.46
1477;33;3;6016.41
1478;33;3;12363.19
1479;33;3;6801.13
1480;33;3;29912
1481;33;3;7821.33
1482;33;3;12455.4
1483;33;3;7479.74
1484;33;3;6443.98
1485;33;3;7124.59
1486;33;3;11037.91
1487;33;3;3346.93
1488;33;3;8243.76
1489;33;3;7418.24
1490;33;3;7184.91
1491;33;3;7159.18
1492;33;3;8685.4
1493;33;3;9739.69
1494;33;3;4975.65
1495;33;3;9011.63
1496;33;3;11076.89
1497;33;3;18100.55
1498;33;3;6270.78
1499;33;3;13226.53
1500;33;3;8334.33
1501;33;3;7013.86
1503;33;3;10307.65
1504;33;3;5369.7
1505;33;3;16440
1506;33;3;10492.24
1507;33;3;28780.27
1508;33;3;9225.59
1509;33;3;8700.27
1510;33;3;82304.53
1511;34;3;32249.91
1512;34;3;6087.56
1513;34;3;6917.87
1514;34;3;4090.75
1515;34;3;8864.97
1516;34;3;5749.05
1517;34;3;24300.89
1519;34;3;14569.7
1520;34;3;9590.04
1521;34;3;8253.3
1522;34;3;5892.12
1523;34;3;18771.51
1524;34;3;10461.3
1525;34;3;8039.43
1526;34;3;5727.19
1527;34;3;11486.24
1528;34;3;2605.2
1529;34;3;5463.53
1530;34;3;7358.8
1531;34;3;45389.11
1532;34;3;26931.69
1533;34;3;30995.72
1534;34;3;65034.09
1535;34;3;14366
1536;34;3;12440.98
1537;34;3;7865.21
1538;34;3;8879.88
1539;34;3;14232.25
1540;34;3;15117.98
1541;34;3;23058.86
1542;35;3;59780.24
1543;35;3;29426.42
1545;35;3;12477.13
1546;35;3;6894.19
1547;35;3;48180.5
1548;35;3;14676.39
1549;35;3;15363
1550;35;3;8819.27
1551;35;3;31176.48
1552;35;3;13262.35
1553;35;3;12861.3
1554;35;3;25528.96
1555;35;3;29711.44
1556;35;3;10570.16
1557;35;3;13942.2
1558;35;3;14109.99
1559;35;3;25158.6
1560;35;3;16080.22
1561;35;3;21881.61
1562;35;3;47623.77
1563;35;3;14264.67
1564;35;3;5583.91
1565;35;3;19369.85
1566;35;3;8397.91
1567;35;3;9492.83
1568;35;3;11131.14
1569;35;3;16405.92
1570;35;3;9213.91
1571;35;3;13597.06
1572;35;3;28670.43
1574;35;3;63563.6
1575;35;2;61918.37
1576;35;2;15204.62
1579;36;6;37160.01
1580;36;6;51026.15
1581;36;6;233360.29
1582;36;6;65447.16
1583;36;6;14476.2
1584;36;6;36088.05
1586;36;7;114791.15
1588;36;7;9950.51
1589;37;6;28726.94
1590;37;6;29632.57
1591;37;6;11535.96
1592;37;6;9056.48
1593;37;6;11507.43
1594;37;6;7713.76
1595;37;6;8249.55
1596;37;6;26251.12
1598;37;6;25406.09
1599;37;6;16196.55
1600;37;6;16151.48
1601;37;6;37504.79
1602;37;6;11869.09
1603;37;6;24317.53
1604;37;6;38728.1
1605;37;6;11999.2
1606;37;6;9692.36
1607;37;6;11117.87
1608;37;6;22296.62
1609;37;6;24293.03
1610;37;6;10165.8
1611;37;6;8622.6
1612;37;6;10689.21
1613;37;6;13688.21
1614;38;6;6575.98
1615;38;6;15465.4
1616;38;6;14977.75
1617;38;6;10188.88
1618;38;6;9165.08
1619;38;6;6180.48
1620;38;6;11801.29
1621;38;6;24249.17
1622;38;6;26225.02
1623;38;6;49185.55
1624;38;6;5163.24
1625;38;6;26252.21
1626;38;6;14849.54
1627;38;6;11040.19
1628;38;6;11761.32
1629;38;6;9768.16
1630;38;6;10193.98
1631;38;6;5711.07
1632;38;6;6214.78
1633;38;6;9024.54
1634;38;6;7940.45
1635;38;6;6353.24
1636;38;6;6604.71
1637;38;6;11046.64
1638;38;6;9516.44
1639;38;6;6509.31
1640;38;6;18823.06
1641;38;6;11449.98
1642;38;6;21908.5
1643;38;6;10215.91
1644;38;6;8400.05
1645;38;6;13218.84
1646;38;6;7482.98
1647;38;6;8108.85
1648;38;6;4659.43
1649;38;6;9579.59
1650;38;6;6018.01
1651;38;6;10894.59
1652;38;6;4343.42
1653;38;6;22458.73
1654;38;6;5927.59
1655;38;6;6900.79
1656;38;6;4842.65
1657;38;6;12313.66
1658;38;6;6195.06
1659;38;6;10264.52
1660;38;6;10186.54
1661;38;6;10751.06
1662;38;6;14449.93
1663;38;6;5562.65
1664;38;6;4628.16
1665;38;6;7123.31
1666;38;6;6014.79
1667;38;6;2637.93
1668;38;6;6057.17
1669;38;6;5991.16
1670;38;6;4562.36
1671;38;6;5810.02
1672;38;6;4805.63
1673;38;6;4667.11
1674;38;6;5285.51
1675;38;6;4578
1676;38;6;5886.72
1677;38;6;4968.27
1678;38;6;3908.44
1679;38;6;10282.2
1680;38;6;4602.82
1681;38;6;5213.39
1682;38;6;7030.32
1683;38;6;6125.12
1684;38;6;4404.5
1685;38;6;5311.47
1686;38;6;26165.49
1687;38;6;8952.83
1688;38;6;7022.4
1689;38;6;11748.17
1690;38;6;8022.79
1691;38;6;8484.23
1692;38;6;6648.65
1693;38;6;14379.72
1694;38;6;31364.6
1695;39;6;10203.22
1696;39;6;57590.87
1697;39;6;4889.43
1698;39;6;5032.89
1699;39;6;7656.76
1700;39;6;5815.92
1701;39;6;5384.68
1702;39;6;7539.21
1703;39;6;8640.76
1704;39;6;7376.97
1705;39;6;9230.29
1706;39;6;9655.55
1707;39;6;8035.77
1708;39;6;9700.81
1709;39;6;170804.08
1710;39;6;7344.45
1711;39;6;3471.79
1712;39;6;6012.28
1713;39;6;8582.63
1714;39;6;7799.51
1715;39;6;3893.64
1716;39;6;6157.03
1717;39;6;7561.31
1718;39;6;10344.2
1719;39;6;38622.3
1720;39;6;9691.73
1721;39;6;7203.17
1722;39;6;17178.72
1723;39;6;32352.79
1724;39;6;59863.81
1725;39;6;45058.3
1726;39;6;8162.77
1727;39;6;5344.37
1728;39;6;9263.77
1729;39;6;5852.74
1730;39;6;7767.7
1731;39;6;27374.2
1732;40;6;30152.25
2381;62;2;198472.51
3087;23;7;18994.59
1867;44;4;96093.13
3737;67;5;20765.46
3101;22;7;16808.71
3244;24;7;5836.73
1876;45;5;30370.29
3770;90;2;1883.69
3155;08;1;9631.6
2340;60;2;30394.64
3729;36;7;165361.6
3684;61;8;20403.33
3840;69;8;26363.27
3727;22;7;38475.17
3627;59;2;17804.31
3165;12;7;9815.37
3210;18;1;13332.73
3738;66;5;86371.94
3789;15;8;12329.7
2897;52;3;25905.44
3844;76;6;95123.16
200;05;1;8920.43
3794;72;7;73400.28
3331;41;6;54971.07
2969;61;8;10693.85
1936;47;5;13338.03
3764;91;2;6155.76
3757;49;4;8937.57
458;12;7;9827.92
3345;43;5;10562.23
3353;43;5;10698.3
3339;43;5;38323.55
261;08;1;34185.77
3488;61;8;42113.64
3232;20;8;7837.68
275;08;1;4506.71
2839;45;5;11019.67
3233;20;8;9608.43
3771;90;2;5822.5
3792;72;7;16512.95
98;03;1;7285.27
66;02;1;79069.52
3086;24;7;8115.69
3677;89;2;5926.76
3761;65;4;28402.83
3350;43;5;9071.58
3788;15;8;27450.25
2255;57;8;26940.45
2199;56;8;95680.25
3759;49;4;24205.56
3311;37;6;8964.06
3725;11;7;38271.36
3777;89;2;2070.06
826;19;8;7660.93
1995;50;4;42747.93
2938;59;2;5872.37
74;03;1;6865.05
3755;47;5;8287.39
2227;57;8;37528.78
950;21;7;15758.41
3799;78;6;907.3
1832;43;5;21747.47
247;07;1;5290.59
3034;68;6;10353.34
1002;23;7;31122.65
1045;23;7;13554.76
1296;29;4;15371.47
3347;43;5;10853.18
3135;04;1;2398.67
67;02;1;22882.02
3118;01;1;8233.49
3102;22;7;11849.38
2354;60;2;1202625.06
3722;07;1;29699.42
1224;27;1;70483.86
3088;36;7;7477.67
150;04;1;6739.33
3746;24;7;7103.93
1433;33;3;22941.63
3766;91;2;4297.82
1585;36;7;618101.27
3324;39;6;3809.45
2944;59;2;7740.13
2285;58;8;107774
3;01;7;12681.89
463;12;7;8887.11
3850;78;6;139567.41
3224;18;1;5010.01
3754;47;4;10494.23
1359;31;3;13916.21
3465;58;8;22317.23
3744;23;7;24864.85
3732;68;6;292595.32
3103;21;7;15505.45
3795;76;6;60622.47
1232;28;1;17816.37
3786;58;8;21806.66
3726;22;7;185601.19
3823;62;2;81999.18
49;01;1;6826
3801;36;7;10496.35
3728;36;7;14379.9
3791;13;8;36197.4
2793;76;6;208649.77
3741;36;7;18872.54
1587;36;7;79243.1
3368;45;5;5952.53
1544;35;3;9844.7
943;20;8;6106.19
1993;49;5;319316.95
3718;69;8;21938.96
40;01;1;6961.85
289;08;1;9855.58
3598;79;6;41962.37
3460;57;8;9328.01
3299;35;3;6770.37
3348;43;5;10307.73
3767;91;2;693.26
3085;24;7;7745.88
3151;08;1;11211.42
3506;63;3;10325.47
3736;67;5;7027.77
3779;79;6;63595.27
2243;57;8;15370.51
3787;57;8;36332.32
10;01;1;9332.31
948;20;8;6940.02
1866;44;4;30534.37
2165;55;2;72603.28
3763;91;2;10647.05
3747;24;7;4341.25
2131;53;2;10859.39
2222;57;8;9339.2
815;18;1;7550.36
3485;60;2;42318.55
3601;79;6;32913.78
1066;24;7;9108.82
2549;78;6;939625.66
2972;61;8;22426.23
3452;56;8;5012.21
173;05;1;4623.46
3303;35;3;32785.99
868;19;8;7965.51
449;11;7;15677.55
2440;67;5;33357.18
2189;56;8;27583.87
199;05;1;20246.7
1502;33;3;7693.02
3095;91;2;308589.92
1518;34;3;18679.48
88;03;1;10320.34
764;17;3;51659.02
3106;01;7;12884.44
763;17;3;79359.49
2878;51;3;11488.9
3719;57;8;51130.44
3298;35;3;6985.29
3784;84;7;75671.38
3775;90;2;4262.15
3776;90;2;3031.71
409;11;7;7711.93
513;12;7;10311.34
2232;57;8;32317.54
3847;76;6;49008.61
3762;91;2;14901.4
2188;56;8;45733.19
2183;56;1;40141.26
3760;49;4;8013.57
1110;25;4;70333.86
2088;51;3;21499.81
104;03;1;14940.59
3600;79;6;40231.95
3544;67;5;15697.76
395;10;1;143532.33
3753;47;4;34487.12
286;08;1;8917.57
3129;04;1;3911.21
3237;20;8;7218.72
2270;57;8;331537.61
1578;36;6;62796.07
281;08;1;7390.78
3599;79;6;56947.52
3032;68;6;8417.1
20;01;1;6077.37
3846;76;6;6117.17
3432;53;2;9230.53
1734;40;6;46648.77
374;10;1;3751.95
495;12;7;17476.08
3664;57;8;6802.18
562;13;8;24673.45
2541;77;6;655955.92
3672;66;5;5075.28
1106;24;7;9738.42
3752;44;4;16109.1
65;02;1;97094.1
3720;20;8;62490.08
3841;66;5;3708.1
2231;57;8;172671.39
3716;58;8;2720.93
3650;89;2;12498.66
2547;78;6;255786.51
2798;22;7;29346.97
2795;78;6;35062.16
1597;37;6;70587.12
3235;20;8;7245.91
2884;51;3;12614.18
3326;40;6;15393.11
3717;58;8;40517.06
3731;68;6;80762.14
1112;25;4;7917.9
22;01;1;6577.01
3660;48;5;18853.39
3772;90;2;2068.24
3785;69;8;43414.9
3073;35;3;13821.88
3749;24;7;5675.94
497;12;7;12670.56
3743;23;7;10271.41
3226;19;8;9724.63
520;13;8;96487.95
3128;04;1;3600.08
1424;33;3;34075.46
2941;59;2;7619.27
3721;09bis;8;162746.72
3756;49;5;13763.21
3389;48;5;7818.46
3739;66;5;17886.15
927;20;8;43261.63
2472;70;8;43228.67
2828;40;6;26539.95
3562;72;7;91423.05
3403;48;5;10904.43
3296;33;3;44164.23
68;02;1;3449.99
14;01;1;8132.41
3742;23;7;29927.72
1456;33;3;5507.43
3842;67;5;1732.09
294;08;1;69209.39
3750;24;7;9628.36
2581;80;7;420919.06
922;20;8;7604.2
3774;90;2;6777.48
767;17bis;3;8602.75
2265;57;8;35911.73
3127;04;1;6440.32
265;08;1;17883.62
766;17bis;3;50658.96
2927;58;8;8711.61
71;02;1;8190.34
260;07;1;32707.04
3765;91;2;42336.77
31;01;1;8969.26
3524;63;3;9215.43
3778;89;2;1696.35
2804;22;7;7007.92
3790;13;8;17228.77
2078;51;3;7677.83
3202;16;4;5592.9
1573;35;3;159774.07
105;03;1;33182.35
761;17;3;14953.46
3843;67;5;39083.47
3688;36;7;78590.07
230;06;1;9373.64
3443;55;2;9830.57
522;13;8;7669.32
2653;80;7;18588.48
3793;72;7;73677.7
3225;19;8;7244.7
229;06;1;27757.12
2234;57;8;6355.61
469;12;7;11560.57
558;13;8;21162.2
1235;28;1;17283.75
3245;24;7;6368.44
2260;57;8;83440.27
3016;64;4;19559.17
3796;76;6;38409.25
3099;36;7;56060.64
853;19;8;7571.23
216;06;1;15905.88
1023;23;7;24489.52
3735;67;5;1581.37
5;01;1;10219.57
3849;79;6;176512.36
1577;35;1;14945.64
3797;76;6;13391.74
3758;49;4;15019.87
3170;12;7;10539.15
3748;24;7;1162.18
2977;61;2;46997.04
270;08;1;9291.11
3782;83;8;93994.03
3730;40;6;22188.76
2505;72;7;172193.54
3845;77;6;41947.17
3100;22;7;42769.68
958;21;7;17412.4
3751;24;7;13284.57
2634;91;2;1418554.24
3459;57;8;45909.52
594;15;8;52399.48
3734;68;6;5291.5
3769;91;2;7530.86
2893;52;3;30620.16
3798;77;6;4420.65
3733;68;6;65297.28
3507;63;3;12438.41
3610;43;5;7018.97
3848;66;5;2738.96
132;04;1;2346.82
3461;57;8;10902.75
3723;06;1;13054.46
3104;22;7;32579.73
3802;68;6;88140.74
3683;61;8;18634.24
3745;24;7;1747.64
785;18;1;15721.1
3422;51;3;12526.1
3349;43;5;23933.77
3105;22;7;26067.22
3773;90;2;1140.37
3724;06;1;16109.04
3668;61;2;28497.05
3740;36;7;26272.49
3246;24;7;52946.03
1865;44;5;25226.07
2967;61;8;10475.72
3168;12;7;5096.77
3780;49;5;927.51
3800;58;8;4078.81
214;06;1;6780.31
3768;91;2;4897.33
3341;43;5;14221.55
