COMUNE;SEZ2011;P1;P61;E17;E18;E19;E20
Torino;1;311;107;1;0;0;9
Torino;2;524;230;2;1;0;12
Torino;3;0;0;0;0;0;0
Torino;4;46;10;0;0;1;0
Torino;6;9;0;0;0;0;1
Torino;7;68;18;0;0;0;2
Torino;8;283;146;0;1;0;6
Torino;9;34;17;0;0;0;4
Torino;10;0;0;0;0;0;0
Torino;11;86;41;0;0;0;3
Torino;12;163;83;1;0;0;8
Torino;13;175;29;0;0;0;5
Torino;14;8;0;0;0;0;1
Torino;15;103;51;1;0;0;6
Torino;16;97;47;0;0;2;5
Torino;17;64;32;0;0;0;3
Torino;18;134;66;0;0;0;3
Torino;19;101;49;0;0;0;6
Torino;20;0;0;0;0;0;0
Torino;21;85;32;0;0;0;2
Torino;22;0;0;0;0;0;0
Torino;23;70;39;0;0;3;4
Torino;24;169;92;0;0;2;6
Torino;25;61;28;0;0;1;2
Torino;26;138;53;0;0;2;7
Torino;27;68;28;3;0;0;3
Torino;28;179;81;0;0;2;11
Torino;29;45;21;0;0;0;3
Torino;30;248;145;0;1;0;11
Torino;31;0;0;0;0;0;0
Torino;32;9;6;0;1;0;2
Torino;33;46;25;0;0;0;2
Torino;34;125;66;0;0;0;5
Torino;35;88;31;0;0;0;7
Torino;36;120;45;0;0;1;7
Torino;37;59;32;0;0;0;4
Torino;38;108;54;0;0;0;6
Torino;39;166;79;0;1;1;5
Torino;40;9;2;1;0;0;0
Torino;41;159;83;0;0;0;9
Torino;42;128;67;0;0;0;5
Torino;43;247;143;3;0;0;11
Torino;44;203;120;0;0;0;9
Torino;45;153;63;0;0;0;5
Torino;46;154;66;0;1;0;7
Torino;47;195;73;0;0;0;6
Torino;48;66;32;2;0;0;2
Torino;49;0;0;0;0;0;0
Torino;50;34;15;0;0;0;4
Torino;51;226;113;0;0;0;7
Torino;52;127;71;0;0;0;8
Torino;53;111;47;0;0;0;1
Torino;54;0;0;0;0;0;0
Torino;55;15;12;0;0;0;1
Torino;56;98;51;0;1;0;5
Torino;57;32;12;0;0;0;3
Torino;58;107;46;0;0;0;4
Torino;59;26;17;0;0;0;2
Torino;60;68;37;0;0;0;4
Torino;61;174;77;0;0;0;5
Torino;62;133;68;1;0;0;4
Torino;63;204;98;0;0;0;4
Torino;64;94;43;3;0;0;3
Torino;65;0;0;0;0;0;0
Torino;66;0;0;0;0;0;0
Torino;67;0;0;0;0;0;0
Torino;68;0;0;0;0;0;0
Torino;69;4;4;0;0;0;1
Torino;70;4;2;0;0;0;1
Torino;71;0;0;0;0;0;0
Torino;72;9;7;0;0;4;4
Torino;73;93;50;0;0;0;6
Torino;74;4;3;0;1;0;0
Torino;75;207;120;0;0;0;5
Torino;76;0;0;0;0;0;0
Torino;77;81;33;0;0;0;3
Torino;78;46;24;0;0;1;1
Torino;79;132;65;0;0;0;3
Torino;80;192;97;0;0;0;6
Torino;81;225;130;0;1;1;10
Torino;82;322;165;0;0;0;10
Torino;83;19;6;0;0;0;2
Torino;84;414;193;1;1;0;15
Torino;85;57;32;0;0;0;2
Torino;86;41;25;0;0;0;1
Torino;87;58;27;0;0;0;1
Torino;88;0;0;1;0;0;0
Torino;89;7;6;1;0;0;0
Torino;90;47;24;1;0;0;4
Torino;91;31;16;0;0;0;1
Torino;92;3;0;0;2;0;0
Torino;93;186;89;1;2;4;4
Torino;94;252;112;0;0;0;8
Torino;95;85;46;1;0;0;2
Torino;96;51;18;1;0;0;2
Torino;97;76;32;0;0;0;3
Torino;98;0;0;0;0;0;0
Torino;99;108;59;0;0;1;1
Torino;100;122;61;1;0;0;8
Torino;101;107;54;0;1;0;3
Torino;102;11;3;1;0;0;0
Torino;103;176;83;0;1;0;6
Torino;104;0;0;0;0;0;0
Torino;105;0;0;0;0;0;0
Torino;106;240;58;0;0;0;2
Torino;107;147;78;0;1;0;4
Torino;108;151;72;0;0;2;4
Torino;109;25;15;0;1;0;0
Torino;110;293;99;0;0;0;3
Torino;111;11;0;0;0;0;0
Torino;112;38;16;0;0;0;3
Torino;113;182;95;1;0;0;7
Torino;114;41;19;0;0;0;1
Torino;115;4;2;0;0;0;2
Torino;116;66;35;0;0;1;6
Torino;117;236;125;1;0;0;7
Torino;118;3;2;0;0;0;2
Torino;119;6;5;0;0;1;0
Torino;120;0;0;0;0;0;0
Torino;121;7;2;0;0;0;1
Torino;122;76;37;0;0;0;3
Torino;123;12;8;0;0;0;1
Torino;124;37;15;0;0;0;1
Torino;125;293;161;3;0;1;12
Torino;126;67;27;0;0;0;2
Torino;127;6;4;0;0;0;1
Torino;128;151;71;0;0;1;5
Torino;129;104;41;0;0;0;1
Torino;130;16;7;0;0;0;1
Torino;131;32;15;0;0;0;1
Torino;132;0;0;0;0;0;0
Torino;133;251;133;2;1;1;10
Torino;134;77;39;0;0;0;3
Torino;135;69;39;0;0;1;2
Torino;136;121;55;0;0;0;3
Torino;137;141;68;0;0;0;8
Torino;138;24;11;0;0;0;1
Torino;139;92;47;1;0;1;3
Torino;140;129;45;0;0;0;4
Torino;141;181;88;0;0;0;6
Torino;142;57;31;0;0;0;2
Torino;143;159;64;0;1;0;9
Torino;144;50;29;0;0;0;1
Torino;145;156;88;1;0;0;6
Torino;146;126;55;0;0;0;5
Torino;147;87;47;0;0;0;4
Torino;148;65;28;0;0;0;2
Torino;149;30;19;0;0;0;2
Torino;150;0;0;0;0;0;0
Torino;151;260;134;0;2;0;7
Torino;152;330;139;1;1;1;6
Torino;153;127;41;0;1;2;5
Torino;154;76;37;0;0;0;1
Torino;155;491;98;1;2;0;0
Torino;156;67;32;0;0;0;1
Torino;157;464;198;0;0;0;8
Torino;158;8;4;0;2;0;0
Torino;159;80;26;1;0;0;2
Torino;160;145;48;0;0;0;3
Torino;161;221;104;0;0;0;4
Torino;162;240;103;0;0;0;3
Torino;163;134;42;1;0;0;0
Torino;164;3;2;0;0;0;1
Torino;165;159;85;0;0;0;1
Torino;166;50;28;0;0;0;3
Torino;167;134;66;0;0;0;4
Torino;168;100;43;0;0;0;3
Torino;169;141;63;0;0;0;4
Torino;170;121;60;0;0;0;5
Torino;171;139;69;0;0;0;1
Torino;172;48;21;0;0;0;1
Torino;173;72;40;0;0;0;0
Torino;174;171;100;0;0;0;5
Torino;175;168;91;0;1;0;6
Torino;176;35;19;0;0;0;1
Torino;177;44;19;0;0;0;1
Torino;178;119;55;4;0;1;1
Torino;179;97;53;0;1;0;3
Torino;180;141;66;0;0;0;2
Torino;181;4;2;0;1;0;0
Torino;182;181;96;1;0;0;7
Torino;183;11;2;1;0;0;1
Torino;184;33;22;0;0;0;1
Torino;185;93;35;0;0;1;2
Torino;186;62;30;0;0;0;2
Torino;187;66;33;0;0;0;2
Torino;188;193;97;0;0;0;4
Torino;189;16;7;0;0;0;1
Torino;190;159;91;0;0;0;3
Torino;191;227;99;1;2;0;5
Torino;192;259;120;0;0;0;8
Torino;193;1;1;0;0;0;1
Torino;194;120;60;0;0;0;5
Torino;195;206;97;0;0;0;9
Torino;196;35;13;0;0;0;4
Torino;197;75;33;0;0;0;5
Torino;198;106;45;0;0;0;6
Torino;200;0;0;0;0;0;0
Torino;201;6;2;0;0;0;0
Torino;202;101;47;0;0;0;5
Torino;203;1;1;1;0;0;0
Torino;204;90;38;0;0;0;4
Torino;205;60;28;0;0;0;4
Torino;206;187;90;0;0;0;8
Torino;207;167;78;0;1;0;3
Torino;208;93;37;0;0;0;5
Torino;209;74;29;0;0;1;1
Torino;210;93;49;0;0;0;5
Torino;211;105;63;0;0;1;4
Torino;212;416;121;0;0;0;11
Torino;213;227;99;0;0;0;11
Torino;214;0;0;0;0;0;0
Torino;215;162;79;0;0;0;6
Torino;216;0;0;0;0;0;0
Torino;217;244;114;0;1;0;9
Torino;218;90;47;0;0;0;3
Torino;219;151;67;0;0;0;5
Torino;220;214;108;0;0;0;7
Torino;221;15;11;0;0;1;0
Torino;222;285;107;0;0;0;7
Torino;223;202;93;0;0;0;7
Torino;224;69;38;0;0;0;5
Torino;225;183;90;0;0;0;8
Torino;226;164;90;0;0;0;2
Torino;227;271;130;0;2;0;13
Torino;228;175;91;0;0;1;8
Torino;231;317;156;0;0;0;11
Torino;232;52;22;1;1;0;2
Torino;233;107;57;0;0;0;2
Torino;234;158;83;0;0;0;4
Torino;235;126;54;0;0;0;5
Torino;236;127;46;1;0;0;7
Torino;237;154;52;1;1;0;3
Torino;238;268;132;0;0;0;11
Torino;239;213;94;0;1;0;8
Torino;240;117;54;0;0;1;5
Torino;241;58;25;0;2;1;3
Torino;242;273;125;0;3;2;8
Torino;243;2;1;0;1;0;0
Torino;244;130;66;0;0;0;6
Torino;245;176;83;0;1;0;7
Torino;246;219;100;0;2;0;9
Torino;248;140;77;0;0;0;9
Torino;249;321;171;0;2;0;11
Torino;250;149;80;0;0;0;8
Torino;251;264;130;0;0;0;8
Torino;252;76;35;2;0;0;5
Torino;253;150;75;0;0;0;6
Torino;254;282;133;0;1;0;11
Torino;255;386;185;0;1;0;14
Torino;256;644;298;0;3;1;22
Torino;257;606;302;2;2;1;19
Torino;258;364;190;0;4;1;14
Torino;259;274;124;2;2;3;9
Torino;260;0;0;0;0;0;0
Torino;261;3;2;0;0;0;0
Torino;262;79;37;0;0;0;5
Torino;263;78;38;0;0;0;3
Torino;264;107;74;0;0;0;4
Torino;265;0;0;0;0;0;0
Torino;266;26;17;0;0;0;2
Torino;267;47;19;1;0;0;2
Torino;268;56;29;0;0;0;2
Torino;269;4;4;0;0;0;0
Torino;270;0;0;0;0;0;0
Torino;271;78;33;0;0;0;4
Torino;272;29;13;0;0;0;2
Torino;273;62;22;0;0;0;1
Torino;274;48;23;0;0;0;3
Torino;275;0;0;0;0;0;0
Torino;276;42;20;0;0;0;3
Torino;277;130;56;0;0;1;4
Torino;278;2;2;1;0;0;0
Torino;279;50;19;0;0;0;2
Torino;280;44;24;0;0;0;4
Torino;281;0;0;0;0;0;0
Torino;282;69;31;0;0;0;4
Torino;283;64;31;0;0;0;4
Torino;284;37;16;0;0;0;3
Torino;285;32;14;0;0;0;2
Torino;286;0;0;0;0;0;0
Torino;287;50;34;0;0;0;3
Torino;288;173;80;0;0;0;5
Torino;289;0;0;0;0;0;0
Torino;290;64;34;0;0;0;4
Torino;291;72;35;0;0;0;4
Torino;292;359;145;6;1;0;5
Torino;293;55;22;0;1;0;2
Torino;294;0;0;0;0;0;0
Torino;295;11;1;0;0;0;0
Torino;296;94;38;1;0;0;5
Torino;297;82;34;1;1;1;5
Torino;298;160;74;0;0;0;5
Torino;299;55;29;1;0;0;3
Torino;300;78;29;0;0;4;2
Torino;301;61;27;0;0;0;2
Torino;302;107;47;0;0;0;6
Torino;303;71;32;0;0;0;3
Torino;304;47;25;0;0;0;3
Torino;305;86;39;0;0;0;1
Torino;306;250;128;1;0;0;11
Torino;307;114;48;0;0;1;6
Torino;308;151;73;0;0;0;7
Torino;309;73;32;0;0;1;4
Torino;310;129;52;0;0;0;7
Torino;311;121;58;0;0;0;2
Torino;312;304;131;1;1;2;9
Torino;313;220;84;0;0;0;7
Torino;314;77;36;2;0;2;3
Torino;315;173;96;0;0;3;4
Torino;316;247;124;1;0;0;8
Torino;317;153;76;1;0;0;8
Torino;318;70;35;0;0;0;2
Torino;319;172;88;0;0;0;4
Torino;320;120;59;1;0;0;5
Torino;321;159;81;0;0;0;7
Torino;322;121;61;0;0;0;5
Torino;323;83;29;0;0;0;2
Torino;324;184;69;1;0;0;5
Torino;325;124;66;0;0;0;3
Torino;326;162;78;0;0;0;4
Torino;327;198;90;0;0;0;8
Torino;328;231;98;0;0;2;3
Torino;329;193;80;0;0;0;6
Torino;330;321;148;0;0;0;7
Torino;331;208;100;0;0;0;6
Torino;332;160;47;0;0;0;5
Torino;333;199;93;0;2;0;7
Torino;334;237;104;0;0;0;8
Torino;335;390;190;1;0;0;9
Torino;336;246;116;0;0;1;10
Torino;337;338;151;1;1;2;12
Torino;338;292;126;0;0;0;9
Torino;339;456;206;1;0;0;10
Torino;340;629;286;1;0;0;15
Torino;341;154;64;0;1;0;6
Torino;342;274;137;1;1;0;10
Torino;343;208;97;0;0;0;7
Torino;344;159;75;1;0;0;5
Torino;345;300;145;0;0;0;12
Torino;346;172;83;1;1;0;4
Torino;347;173;74;0;1;0;7
Torino;348;173;71;0;1;1;5
Torino;349;317;145;0;1;0;9
Torino;350;209;89;0;0;0;5
Torino;351;528;240;1;0;1;8
Torino;352;414;203;1;1;0;16
Torino;353;400;187;0;0;0;9
Torino;354;149;59;0;1;1;5
Torino;355;219;94;0;0;0;9
Torino;356;374;171;0;0;1;11
Torino;357;335;150;0;0;0;8
Torino;358;101;45;0;0;0;5
Torino;359;214;97;0;0;0;7
Torino;360;279;127;0;0;0;10
Torino;361;320;141;1;1;0;11
Torino;362;4;2;0;1;0;0
Torino;363;3;1;1;0;0;0
Torino;364;9;5;0;3;0;0
Torino;365;43;24;0;0;0;4
Torino;366;123;65;0;0;0;3
Torino;367;66;35;0;1;0;3
Torino;368;108;57;2;0;0;5
Torino;369;61;39;0;0;0;2
Torino;370;61;33;0;0;0;3
Torino;371;182;85;0;0;0;6
Torino;372;1;0;0;0;0;0
Torino;373;71;37;0;0;0;5
Torino;374;56;31;0;0;0;0
Torino;375;10;2;0;2;0;0
Torino;376;155;73;0;0;0;8
Torino;377;134;60;0;0;0;6
Torino;378;146;65;0;0;0;5
Torino;379;111;53;0;1;0;6
Torino;380;43;21;0;0;0;3
Torino;381;160;79;0;0;2;8
Torino;382;169;89;0;0;0;7
Torino;383;195;92;0;0;0;9
Torino;384;140;76;1;0;3;5
Torino;385;45;17;0;0;0;2
Torino;386;23;3;0;0;0;0
Torino;387;190;84;0;0;0;6
Torino;388;141;55;0;0;0;8
Torino;389;219;125;0;0;0;7
Torino;390;48;21;0;0;0;3
Torino;391;176;67;0;0;0;8
Torino;392;96;39;0;0;0;3
Torino;393;178;102;0;0;0;10
Torino;394;130;45;0;0;0;3
Torino;395;97;40;0;0;0;0
Torino;396;257;106;0;0;0;10
Torino;397;249;121;0;0;0;12
Torino;398;277;125;0;0;0;12
Torino;399;289;146;0;0;0;8
Torino;400;153;66;0;0;0;3
Torino;401;227;93;0;0;0;12
Torino;402;231;102;0;0;1;10
Torino;403;331;144;0;0;1;12
Torino;404;56;27;1;0;0;3
Torino;405;151;71;0;0;0;4
Torino;406;208;95;0;0;0;8
Torino;407;308;121;0;1;0;12
Torino;408;122;47;0;0;0;6
Torino;409;2;1;0;1;0;0
Torino;410;95;30;1;1;0;3
Torino;411;293;125;0;0;0;10
Torino;412;273;108;0;2;1;13
Torino;413;401;180;0;0;1;12
Torino;414;582;258;0;0;0;17
Torino;415;657;281;0;1;0;18
Torino;416;271;117;0;0;0;8
Torino;417;236;92;0;0;0;6
Torino;418;443;180;1;0;0;4
Torino;419;349;153;0;0;0;8
Torino;420;286;124;0;0;0;10
Torino;421;268;126;0;0;1;5
Torino;422;139;73;1;0;0;4
Torino;423;48;17;0;0;0;3
Torino;424;1;0;0;0;0;0
Torino;425;157;78;1;1;1;6
Torino;426;323;134;0;1;0;8
Torino;427;293;127;0;2;0;11
Torino;428;234;98;0;0;2;7
Torino;429;181;70;2;1;0;5
Torino;430;439;184;3;1;1;8
Torino;431;302;130;0;0;0;12
Torino;432;295;134;0;0;1;8
Torino;433;220;93;0;0;1;7
Torino;434;374;162;1;0;1;11
Torino;435;329;147;0;1;0;13
Torino;436;162;73;0;2;1;6
Torino;437;314;138;2;2;0;8
Torino;438;312;133;0;0;0;10
Torino;439;115;54;0;0;0;4
Torino;440;4;0;0;0;0;0
Torino;441;134;59;0;1;2;3
Torino;442;116;59;0;2;0;5
Torino;443;278;125;0;2;1;5
Torino;444;175;73;0;0;3;7
Torino;445;338;146;0;1;1;11
Torino;446;483;248;1;1;1;13
Torino;447;433;180;0;0;1;10
Torino;448;48;20;0;0;1;4
Torino;450;475;203;0;0;0;8
Torino;451;252;114;0;0;0;5
Torino;452;34;19;1;2;0;1
Torino;453;15;3;0;1;0;1
Torino;454;261;131;0;0;1;5
Torino;455;90;40;0;1;1;2
Torino;456;314;122;1;2;0;8
Torino;457;4;4;0;1;0;0
Torino;458;0;0;0;0;0;0
Torino;459;206;70;0;1;1;6
Torino;460;268;116;2;1;2;8
Torino;461;20;9;0;0;0;1
Torino;462;3;2;0;1;0;0
Torino;463;0;0;0;0;0;0
Torino;464;77;37;0;5;1;2
Torino;465;306;125;1;0;2;7
Torino;466;241;118;0;1;2;4
Torino;467;4;3;0;2;0;0
Torino;468;21;17;0;0;0;0
Torino;470;475;186;2;0;0;7
Torino;471;101;45;0;1;0;2
Torino;472;250;114;1;0;0;6
Torino;473;159;61;0;0;0;6
Torino;474;296;127;1;1;3;10
Torino;475;435;186;0;1;1;6
Torino;476;408;157;2;0;0;8
Torino;477;262;117;0;0;2;2
Torino;478;0;0;0;0;0;1
Torino;479;211;93;0;0;0;6
Torino;480;176;67;0;1;0;3
Torino;481;338;146;0;0;0;12
Torino;482;144;51;0;2;3;4
Torino;483;155;71;1;1;4;7
Torino;484;284;116;4;0;0;9
Torino;485;155;53;0;1;0;7
Torino;486;93;6;0;0;0;0
Torino;487;85;37;0;0;3;2
Torino;488;31;12;0;0;1;0
Torino;489;56;27;1;0;3;2
Torino;490;46;22;0;0;0;3
Torino;491;46;18;0;2;0;0
Torino;492;96;43;0;0;0;2
Torino;493;209;83;0;0;0;3
Torino;494;278;131;0;0;0;9
Torino;495;0;0;0;0;0;0
Torino;496;34;5;0;0;0;2
Torino;498;247;106;0;0;1;8
Torino;499;262;111;1;0;0;10
Torino;500;83;33;0;0;0;3
Torino;501;176;81;0;0;0;4
Torino;502;3;1;0;1;0;0
Torino;503;180;70;0;1;1;6
Torino;504;1;0;1;0;0;0
Torino;505;449;157;0;0;3;4
Torino;506;498;166;1;0;1;7
Torino;507;230;97;0;1;0;3
Torino;508;229;80;0;0;0;4
Torino;509;219;83;0;0;0;8
Torino;510;253;99;0;0;1;9
Torino;511;312;118;0;0;0;4
Torino;512;273;121;0;0;0;4
Torino;513;0;0;0;0;0;0
Torino;514;49;18;0;0;1;1
Torino;515;186;81;0;1;1;7
Torino;516;212;89;0;0;0;4
Torino;517;198;90;0;0;0;4
Torino;518;215;93;0;0;0;6
Torino;519;322;144;0;0;0;10
Torino;520;2;1;0;0;0;0
Torino;521;65;30;1;0;1;3
Torino;522;0;0;0;0;0;0
Torino;523;79;36;0;0;3;7
Torino;524;108;59;0;2;1;4
Torino;525;93;44;0;2;5;4
Torino;526;202;85;0;1;7;8
Torino;527;112;56;0;0;3;5
Torino;528;165;66;0;1;0;5
Torino;529;145;62;4;2;2;5
Torino;530;134;49;0;1;3;8
Torino;531;136;0;1;0;0;0
Torino;532;167;60;0;2;5;10
Torino;533;98;31;0;2;7;1
Torino;534;74;34;0;2;1;2
Torino;535;124;61;0;0;1;6
Torino;536;32;17;0;0;0;1
Torino;537;45;18;0;1;2;1
Torino;538;69;24;0;1;3;2
Torino;539;143;42;0;3;1;8
Torino;540;91;34;1;1;0;4
Torino;541;0;0;0;0;0;0
Torino;542;78;39;0;1;0;6
Torino;543;58;22;1;13;2;1
Torino;544;86;39;0;2;0;3
Torino;545;77;22;0;7;3;3
Torino;546;96;38;0;3;5;4
Torino;547;135;48;1;10;2;6
Torino;548;162;71;0;0;1;11
Torino;549;81;32;1;0;2;1
Torino;550;23;8;0;1;3;1
Torino;551;96;46;0;0;3;3
Torino;552;30;13;0;2;1;0
Torino;553;52;30;0;0;3;1
Torino;554;51;22;0;6;1;2
Torino;555;124;65;0;4;2;7
Torino;556;81;32;0;3;2;6
Torino;557;138;56;1;4;5;4
Torino;558;3;0;0;1;0;0
Torino;559;94;43;0;0;1;5
Torino;560;123;50;2;7;5;4
Torino;561;154;74;0;0;1;5
Torino;562;0;0;0;6;0;0
Torino;563;134;56;0;5;5;6
Torino;564;111;58;1;2;1;5
Torino;565;85;4;0;1;1;0
Torino;566;121;58;1;3;13;2
Torino;567;85;40;0;6;1;4
Torino;568;67;29;0;5;3;1
Torino;569;218;94;0;5;11;10
Torino;570;321;145;1;5;2;11
Torino;571;188;87;4;1;14;3
Torino;572;167;72;0;0;0;10
Torino;573;111;44;0;0;1;8
Torino;574;298;127;1;5;4;12
Torino;575;193;85;1;2;8;7
Torino;576;237;106;0;4;4;10
Torino;577;205;72;0;0;0;7
Torino;578;90;37;0;0;1;5
Torino;579;64;30;0;6;2;2
Torino;580;89;44;0;1;3;4
Torino;581;184;78;0;0;3;7
Torino;582;90;40;0;4;2;5
Torino;583;57;23;0;5;4;1
Torino;584;59;29;1;3;2;3
Torino;585;108;36;0;5;2;2
Torino;586;90;49;0;1;3;4
Torino;587;91;46;0;2;4;3
Torino;588;142;49;1;2;3;9
Torino;589;70;29;0;6;4;4
Torino;590;125;54;1;9;4;6
Torino;591;2;1;0;1;0;0
Torino;592;132;66;1;3;4;8
Torino;593;130;57;0;0;2;9
Torino;594;0;0;0;0;0;0
Torino;595;17;4;0;0;1;0
Torino;596;133;45;1;0;5;2
Torino;597;36;0;0;0;0;0
Torino;598;60;31;0;2;2;4
Torino;599;188;79;0;0;1;9
Torino;600;75;37;0;0;2;2
Torino;601;36;16;0;0;2;1
Torino;602;81;46;0;1;1;4
Torino;603;58;27;1;0;0;3
Torino;604;62;26;0;1;3;1
Torino;605;36;9;0;0;0;3
Torino;606;54;24;1;1;1;1
Torino;607;48;18;2;0;1;4
Torino;608;53;23;0;0;0;4
Torino;609;82;39;1;1;1;5
Torino;610;41;14;0;0;0;3
Torino;611;113;58;0;0;4;6
Torino;612;98;43;0;0;1;7
Torino;613;96;41;0;0;4;6
Torino;614;120;44;0;0;2;6
Torino;615;67;31;0;0;0;1
Torino;616;252;89;0;0;0;7
Torino;617;302;134;0;0;1;9
Torino;618;213;83;0;0;0;7
Torino;619;143;54;0;0;0;6
Torino;620;221;86;0;0;1;6
Torino;621;285;113;1;1;1;8
Torino;622;292;113;1;1;0;11
Torino;623;326;150;0;0;0;9
Torino;624;391;143;0;0;0;11
Torino;625;179;81;0;0;0;7
Torino;626;265;105;0;1;0;7
Torino;627;328;157;0;0;0;11
Torino;628;268;111;0;0;0;8
Torino;629;154;70;1;1;1;4
Torino;630;141;56;0;0;0;4
Torino;631;177;75;0;0;0;5
Torino;632;114;44;0;1;1;4
Torino;633;257;114;0;0;0;9
Torino;634;154;63;1;0;4;3
Torino;635;189;74;0;0;0;3
Torino;636;332;132;0;0;1;8
Torino;637;276;104;0;0;0;8
Torino;638;304;128;0;1;0;12
Torino;639;150;69;0;0;1;5
Torino;640;0;0;0;0;0;0
Torino;641;81;37;0;0;1;3
Torino;642;252;92;0;0;0;7
Torino;643;168;75;0;0;0;8
Torino;644;27;11;4;1;0;0
Torino;645;312;138;4;1;0;12
Torino;646;287;133;0;0;0;9
Torino;647;217;84;0;0;0;6
Torino;648;331;145;0;0;0;5
Torino;649;166;80;0;0;0;5
Torino;650;161;75;0;0;0;3
Torino;651;71;26;0;0;0;2
Torino;652;27;8;0;0;0;1
Torino;653;75;33;0;1;0;6
Torino;654;224;93;1;0;4;5
Torino;655;118;62;0;1;0;6
Torino;656;90;35;0;0;0;3
Torino;657;144;59;0;0;4;4
Torino;658;242;107;0;1;3;11
Torino;659;135;68;0;0;2;6
Torino;660;87;55;0;0;0;2
Torino;661;355;160;1;0;0;11
Torino;662;210;87;0;0;0;7
Torino;663;630;277;0;0;0;12
Torino;664;329;140;0;1;0;9
Torino;665;400;111;0;1;0;6
Torino;666;134;75;2;1;1;5
Torino;667;263;108;0;0;0;9
Torino;668;44;18;0;0;0;1
Torino;669;153;74;0;0;0;5
Torino;670;164;77;1;1;0;4
Torino;671;4;3;1;0;0;0
Torino;672;334;144;0;0;0;11
Torino;673;41;22;0;1;4;2
Torino;674;255;130;0;1;0;11
Torino;675;353;132;0;1;0;9
Torino;676;154;64;1;2;0;9
Torino;677;95;41;0;0;0;1
Torino;678;146;67;0;0;0;6
Torino;679;168;58;0;1;0;6
Torino;680;55;23;0;0;0;3
Torino;681;260;107;0;0;0;8
Torino;682;118;59;0;1;0;5
Torino;683;225;102;0;0;0;9
Torino;684;220;93;0;0;1;8
Torino;685;219;111;0;0;0;8
Torino;686;155;76;0;0;0;9
Torino;687;183;71;0;0;0;8
Torino;688;143;83;0;0;0;6
Torino;689;255;120;0;1;1;9
Torino;690;197;109;0;0;0;6
Torino;691;80;43;0;0;0;6
Torino;692;17;12;0;3;2;0
Torino;693;219;101;0;0;0;13
Torino;694;180;84;0;0;0;7
Torino;695;276;127;0;0;1;11
Torino;696;247;123;0;0;0;11
Torino;697;169;67;0;0;0;2
Torino;698;149;60;0;0;0;7
Torino;699;212;92;0;0;0;6
Torino;700;167;73;0;0;0;9
Torino;701;96;41;0;0;0;4
Torino;702;108;43;0;0;2;4
Torino;703;103;44;0;2;0;5
Torino;704;47;20;0;1;1;3
Torino;705;185;90;0;1;0;10
Torino;706;6;4;1;0;0;0
Torino;707;147;63;0;0;0;6
Torino;708;158;72;0;1;1;8
Torino;709;126;51;0;0;1;5
Torino;710;61;28;0;1;0;5
Torino;711;250;95;0;0;0;3
Torino;712;258;108;0;0;0;9
Torino;713;223;87;0;0;0;3
Torino;714;219;100;0;0;0;7
Torino;715;198;98;0;0;0;9
Torino;716;20;6;0;3;0;0
Torino;717;78;39;0;0;0;6
Torino;718;39;15;1;3;0;5
Torino;719;185;83;0;1;1;6
Torino;720;112;46;0;0;1;3
Torino;721;298;130;0;0;0;9
Torino;722;169;73;0;0;0;10
Torino;723;94;42;0;1;0;3
Torino;724;140;71;0;1;1;7
Torino;725;188;79;1;0;0;9
Torino;726;117;56;0;0;0;4
Torino;727;202;87;0;0;1;7
Torino;728;122;60;0;0;0;5
Torino;729;77;38;0;0;1;5
Torino;730;157;69;1;1;1;6
Torino;731;146;66;0;1;0;6
Torino;732;123;58;0;0;0;6
Torino;733;133;69;0;0;0;4
Torino;734;252;126;0;0;0;9
Torino;735;117;54;0;1;0;4
Torino;736;96;49;0;0;1;4
Torino;737;164;93;1;0;0;4
Torino;738;156;73;0;0;0;7
Torino;739;139;66;0;0;0;7
Torino;740;94;40;0;0;0;5
Torino;741;168;79;0;0;0;5
Torino;742;220;105;0;0;0;6
Torino;743;248;106;1;0;0;8
Torino;744;138;69;0;1;0;4
Torino;745;147;60;0;0;0;6
Torino;746;245;100;0;0;0;3
Torino;747;304;128;0;0;0;9
Torino;748;266;112;2;0;0;9
Torino;749;377;171;0;0;0;11
Torino;750;466;210;1;1;0;13
Torino;751;84;34;0;1;8;3
Torino;752;270;128;1;0;1;10
Torino;753;299;137;0;0;0;13
Torino;754;402;160;0;0;0;6
Torino;755;208;87;0;0;0;8
Torino;756;163;70;1;2;0;7
Torino;757;248;109;0;0;0;12
Torino;758;267;125;0;0;0;11
Torino;759;2;2;1;0;0;0
Torino;760;308;115;0;0;0;13
Torino;761;4;2;0;1;0;0
Torino;763;0;0;0;0;0;0
Torino;764;0;0;0;0;0;0
Torino;765;3;2;1;0;0;0
Torino;766;0;0;0;0;0;0
Torino;768;204;98;0;0;0;1
Torino;769;105;60;0;0;0;1
Torino;770;142;86;0;0;0;3
Torino;771;395;157;1;0;0;12
Torino;772;278;106;0;0;0;5
Torino;773;0;0;0;0;0;0
Torino;774;128;46;1;1;0;6
Torino;775;54;27;0;1;1;6
Torino;776;14;8;1;0;1;1
Torino;777;13;4;1;1;1;2
Torino;778;8;3;0;0;1;0
Torino;779;25;12;1;0;1;1
Torino;780;145;76;0;0;0;8
Torino;781;202;100;0;0;0;9
Torino;782;135;60;0;0;0;4
Torino;783;33;13;0;0;5;0
Torino;784;35;19;0;0;2;0
Torino;785;0;0;0;0;0;0
Torino;786;13;6;1;1;1;1
Torino;787;41;11;0;0;3;5
Torino;788;18;5;1;1;2;0
Torino;789;98;40;0;0;1;5
Torino;790;111;44;0;0;1;3
Torino;791;158;68;0;0;0;4
Torino;792;133;67;0;0;0;5
Torino;793;69;30;0;0;0;4
Torino;794;67;26;1;1;1;2
Torino;795;124;59;0;1;0;4
Torino;796;149;60;0;4;1;4
Torino;797;10;7;0;3;0;0
Torino;798;69;27;0;0;1;6
Torino;799;62;28;0;0;1;6
Torino;800;22;11;0;0;2;3
Torino;801;31;17;0;0;3;0
Torino;802;198;88;0;0;0;8
Torino;803;171;89;0;0;0;24
Torino;804;13;9;1;2;0;0
Torino;805;54;26;0;0;0;3
Torino;806;277;112;0;0;0;11
Torino;807;214;96;0;0;0;7
Torino;808;34;17;0;3;2;0
Torino;809;61;31;0;0;3;1
Torino;810;12;4;1;3;1;0
Torino;811;209;99;0;0;0;9
Torino;812;347;162;1;0;0;9
Torino;813;182;77;0;0;0;3
Torino;814;57;18;0;0;1;6
Torino;815;0;0;0;0;0;0
Torino;816;22;13;0;0;0;4
Torino;817;27;12;0;1;0;6
Torino;818;177;75;0;1;0;7
Torino;819;276;138;0;0;0;11
Torino;820;118;51;0;0;0;3
Torino;821;160;61;0;0;0;4
Torino;822;30;15;0;1;0;3
Torino;823;89;26;1;0;0;2
Torino;824;93;4;0;4;0;0
Torino;825;163;72;0;1;1;4
Torino;826;0;0;0;0;0;0
Torino;827;86;50;0;0;0;1
Torino;828;190;87;0;0;0;4
Torino;829;0;0;1;0;0;0
Torino;830;148;58;0;0;1;6
Torino;831;141;54;0;1;0;5
Torino;832;182;88;0;0;1;5
Torino;833;357;157;0;1;0;7
Torino;834;119;63;0;0;0;2
Torino;835;163;66;0;0;0;6
Torino;836;192;79;1;0;0;8
Torino;837;28;12;1;2;2;1
Torino;838;109;44;0;1;0;4
Torino;839;185;82;0;0;0;5
Torino;840;83;43;0;0;0;3
Torino;841;181;73;0;0;0;4
Torino;842;122;54;0;0;0;3
Torino;843;181;83;0;0;0;6
Torino;844;54;31;0;0;1;2
Torino;845;139;64;0;0;0;5
Torino;846;180;66;0;0;0;4
Torino;847;205;88;0;0;0;8
Torino;848;280;136;0;0;0;12
Torino;849;94;36;0;0;0;3
Torino;850;287;136;0;2;3;9
Torino;851;48;20;0;0;2;2
Torino;852;237;115;0;0;0;8
Torino;853;2;1;0;1;0;0
Torino;854;253;111;2;1;0;8
Torino;855;160;69;0;0;1;7
Torino;856;67;22;0;0;0;4
Torino;857;7;4;1;0;0;0
Torino;858;289;123;0;2;0;8
Torino;859;381;153;2;0;0;7
Torino;860;151;74;0;3;0;4
Torino;861;324;133;0;0;0;9
Torino;862;257;112;1;1;0;10
Torino;863;150;57;0;0;0;3
Torino;864;267;110;1;1;0;6
Torino;865;122;51;0;1;1;6
Torino;866;193;84;1;0;0;7
Torino;867;29;17;0;0;0;1
Torino;868;0;0;0;0;0;0
Torino;869;321;130;1;1;0;6
Torino;870;337;154;0;0;0;10
Torino;871;193;86;0;0;0;9
Torino;872;326;147;0;0;1;9
Torino;873;186;92;1;0;0;8
Torino;874;176;85;0;1;0;4
Torino;875;430;191;0;0;0;3
Torino;876;360;170;0;1;2;10
Torino;877;310;143;0;0;0;10
Torino;878;105;46;0;2;0;4
Torino;879;148;59;0;0;1;2
Torino;880;186;85;0;0;0;6
Torino;881;165;75;0;0;0;2
Torino;882;237;106;0;0;0;9
Torino;883;286;114;0;0;0;6
Torino;884;354;164;1;0;1;11
Torino;885;145;57;0;0;0;7
Torino;886;252;108;0;0;0;10
Torino;887;142;52;0;1;1;4
Torino;888;46;21;1;1;3;1
Torino;889;10;6;0;0;1;1
Torino;890;299;138;0;0;0;9
Torino;891;322;131;1;1;0;8
Torino;892;300;137;0;0;0;11
Torino;893;249;114;0;0;0;5
Torino;894;248;112;0;0;0;4
Torino;895;0;0;0;0;0;0
Torino;896;114;49;2;1;3;2
Torino;897;572;231;3;2;1;8
Torino;898;223;107;0;0;1;7
Torino;899;149;71;0;0;0;4
Torino;900;186;108;2;2;1;7
Torino;901;136;53;0;0;0;2
Torino;902;109;46;0;0;0;7
Torino;903;371;165;0;0;0;7
Torino;904;325;127;0;0;0;15
Torino;905;215;99;0;0;0;9
Torino;906;249;106;0;0;0;2
Torino;907;111;49;0;0;0;4
Torino;908;66;31;0;0;0;3
Torino;909;94;47;0;0;0;5
Torino;910;215;84;0;0;0;5
Torino;911;247;99;0;0;4;14
Torino;912;148;66;0;0;0;6
Torino;913;309;155;0;0;1;8
Torino;914;107;58;0;0;0;1
Torino;915;139;68;1;0;2;7
Torino;916;362;176;1;0;1;12
Torino;917;24;14;0;0;0;1
Torino;918;895;442;0;0;0;8
Torino;919;311;108;0;0;0;2
Torino;920;254;110;0;1;0;8
Torino;921;427;172;0;1;0;6
Torino;922;0;0;0;0;0;0
Torino;923;337;144;0;0;0;7
Torino;924;304;133;0;0;0;2
Torino;925;167;67;0;0;0;5
Torino;926;256;102;0;0;0;3
Torino;927;0;0;0;0;0;0
Torino;928;195;89;0;0;0;6
Torino;929;257;119;1;0;0;8
Torino;930;300;135;0;0;0;7
Torino;931;311;130;1;0;5;15
Torino;932;182;71;0;0;0;7
Torino;933;219;103;0;0;0;7
Torino;934;21;7;0;2;2;0
Torino;935;178;78;1;0;0;1
Torino;936;217;93;0;0;1;9
Torino;937;104;39;0;0;1;2
Torino;938;65;30;0;0;0;2
Torino;939;113;57;0;0;3;14
Torino;940;213;90;0;0;3;2
Torino;941;178;69;0;0;0;6
Torino;942;212;79;0;0;0;4
Torino;943;0;0;0;0;0;0
Torino;944;239;99;0;0;0;3
Torino;945;96;48;0;0;2;2
Torino;946;150;59;0;0;0;3
Torino;947;168;79;0;0;0;6
Torino;948;0;0;0;0;0;0
Torino;949;71;33;0;0;0;1
Torino;950;2;0;1;0;0;0
Torino;951;20;14;0;0;1;2
Torino;952;600;241;1;0;0;10
Torino;953;259;112;0;1;0;5
Torino;954;350;105;0;0;0;4
Torino;955;60;13;0;0;1;2
Torino;956;151;59;0;0;0;3
Torino;957;27;14;0;3;0;1
Torino;958;101;32;0;0;0;0
Torino;959;15;1;0;0;0;0
Torino;960;43;6;0;0;0;3
Torino;961;257;104;0;0;0;1
Torino;962;71;37;0;0;0;1
Torino;963;145;59;0;0;0;4
Torino;964;130;53;0;0;1;3
Torino;965;253;105;2;4;7;7
Torino;966;199;82;0;1;4;11
Torino;967;117;42;0;0;0;6
Torino;968;266;108;0;3;0;6
Torino;969;216;103;1;1;2;12
Torino;970;263;113;3;2;0;8
Torino;971;310;120;0;0;2;11
Torino;972;431;192;0;3;2;7
Torino;973;347;129;1;0;1;6
Torino;974;189;82;2;0;0;5
Torino;975;401;150;0;0;0;7
Torino;976;404;181;2;1;2;11
Torino;977;331;144;0;0;0;7
Torino;978;240;103;2;3;3;10
Torino;979;219;86;1;0;1;11
Torino;980;210;104;3;4;3;15
Torino;981;214;99;0;1;3;11
Torino;982;105;53;1;1;2;4
Torino;983;227;86;2;3;3;7
Torino;984;324;134;1;1;0;8
Torino;985;517;201;2;8;1;20
Torino;986;570;247;0;0;0;21
Torino;987;251;119;0;0;0;3
Torino;988;3;3;0;2;0;0
Torino;989;141;70;4;2;5;5
Torino;990;2;0;0;1;0;1
Torino;991;277;121;1;1;2;8
Torino;992;157;65;0;1;1;6
Torino;993;283;103;0;1;0;10
Torino;994;140;57;0;0;4;5
Torino;995;108;47;2;6;0;3
Torino;996;861;361;0;8;4;14
Torino;997;617;266;0;1;1;18
Torino;998;778;325;1;0;0;9
Torino;999;630;240;0;3;0;21
Torino;1000;381;120;0;0;0;4
Torino;1001;0;0;0;0;0;0
Torino;1002;0;0;0;0;0;0
Torino;1003;58;27;0;0;3;0
Torino;1004;194;82;1;3;0;5
Torino;1005;253;115;2;4;0;7
Torino;1006;68;31;1;0;0;1
Torino;1007;148;71;2;1;0;6
Torino;1008;358;170;0;1;3;4
Torino;1009;64;31;0;0;2;1
Torino;1010;146;72;0;4;1;6
Torino;1011;166;69;1;0;0;1
Torino;1012;120;56;0;0;0;3
Torino;1013;37;8;0;2;2;0
Torino;1014;352;162;0;1;1;10
Torino;1015;67;30;0;1;0;1
Torino;1016;114;42;0;0;0;4
Torino;1017;21;11;0;0;1;0
Torino;1018;124;63;0;1;1;8
Torino;1019;82;34;0;1;0;1
Torino;1020;247;110;0;3;0;12
Torino;1021;248;109;1;1;0;9
Torino;1022;174;90;0;1;0;7
Torino;1023;0;0;0;0;0;0
Torino;1024;177;76;0;1;0;6
Torino;1025;167;80;1;2;3;5
Torino;1026;81;47;0;0;0;1
Torino;1027;101;42;0;0;0;4
Torino;1028;163;73;1;0;1;7
Torino;1029;181;85;0;0;0;3
Torino;1030;68;27;0;1;2;2
Torino;1031;255;101;0;0;0;4
Torino;1032;127;51;0;1;1;2
Torino;1033;131;81;1;0;0;2
Torino;1034;144;69;0;1;0;3
Torino;1035;181;72;0;3;1;3
Torino;1036;154;54;0;0;0;6
Torino;1037;100;30;0;0;0;3
Torino;1038;30;13;0;1;0;2
Torino;1039;29;16;1;0;1;1
Torino;1040;119;55;0;0;2;3
Torino;1041;84;30;0;0;0;3
Torino;1042;50;23;0;0;0;3
Torino;1043;118;46;0;0;0;3
Torino;1044;113;44;0;1;0;3
Torino;1046;240;103;0;1;0;4
Torino;1047;53;27;0;1;0;1
Torino;1048;0;0;0;0;0;0
Torino;1049;0;0;0;0;0;1
Torino;1050;410;167;1;2;2;9
Torino;1051;264;97;0;0;0;2
Torino;1052;348;123;0;0;0;4
Torino;1053;206;99;0;0;1;6
Torino;1054;144;65;0;0;0;4
Torino;1055;169;54;0;1;1;5
Torino;1056;307;124;0;0;0;2
Torino;1057;66;16;0;2;0;3
Torino;1058;171;77;1;0;0;3
Torino;1059;519;194;3;1;0;13
Torino;1060;265;104;0;0;1;8
Torino;1061;131;46;0;0;0;2
Torino;1062;454;164;0;0;0;4
Torino;1063;195;74;0;1;0;6
Torino;1064;234;52;1;0;0;0
Torino;1065;132;58;0;3;0;6
Torino;1066;133;58;0;0;0;0
Torino;1067;371;148;1;0;1;4
Torino;1068;721;266;3;0;0;17
Torino;1069;525;208;4;1;0;14
Torino;1070;229;80;0;0;2;11
Torino;1071;203;80;0;0;4;7
Torino;1072;367;146;0;0;4;6
Torino;1073;26;11;0;2;1;0
Torino;1074;153;62;0;0;0;7
Torino;1075;332;133;0;0;0;10
Torino;1076;335;132;0;0;2;10
Torino;1077;188;79;0;1;1;7
Torino;1078;340;115;1;0;0;3
Torino;1079;7;1;1;1;0;0
Torino;1080;485;212;2;1;1;11
Torino;1081;578;220;1;1;0;11
Torino;1082;635;243;2;1;0;14
Torino;1083;261;100;2;0;0;11
Torino;1084;121;54;0;0;1;3
Torino;1085;483;191;0;2;0;5
Torino;1086;292;118;0;3;0;12
Torino;1087;166;69;0;0;0;6
Torino;1088;322;129;1;1;1;12
Torino;1089;393;159;3;1;0;7
Torino;1090;559;207;0;0;0;14
Torino;1091;254;103;1;3;0;8
Torino;1092;297;121;1;1;1;8
Torino;1093;154;72;0;0;1;6
Torino;1094;68;0;0;1;0;0
Torino;1095;127;44;0;0;0;1
Torino;1096;448;185;0;0;1;11
Torino;1097;523;197;0;2;0;12
Torino;1098;144;52;0;0;0;5
Torino;1099;615;251;2;7;3;19
Torino;1100;939;400;6;5;8;12
Torino;1101;610;232;0;0;0;4
Torino;1102;243;108;1;0;0;6
Torino;1103;490;227;4;2;2;14
Torino;1104;255;110;5;2;0;9
Torino;1105;187;75;1;0;1;7
Torino;1107;2;0;0;1;0;0
Torino;1108;619;359;1;1;0;14
Torino;1109;950;510;0;0;0;8
Torino;1110;0;0;0;0;0;0
Torino;1111;107;42;0;0;0;2
Torino;1112;2;2;0;2;0;0
Torino;1113;28;12;0;1;0;1
Torino;1114;369;166;1;2;2;8
Torino;1115;36;17;0;0;0;2
Torino;1116;17;8;0;0;1;1
Torino;1117;519;209;0;1;1;5
Torino;1118;284;133;0;2;2;8
Torino;1119;367;152;4;0;1;16
Torino;1120;190;63;0;1;0;4
Torino;1121;217;90;1;0;0;8
Torino;1122;128;47;0;2;0;3
Torino;1123;102;45;0;1;1;1
Torino;1124;19;5;0;0;0;1
Torino;1125;100;42;0;1;1;3
Torino;1126;259;117;0;2;0;4
Torino;1127;343;151;6;0;6;11
Torino;1128;327;134;1;0;0;8
Torino;1129;280;111;0;1;1;5
Torino;1130;147;63;0;0;4;2
Torino;1131;209;84;0;1;1;8
Torino;1132;254;138;0;0;0;5
Torino;1133;349;123;1;1;1;8
Torino;1134;512;195;1;0;0;5
Torino;1135;140;54;0;0;0;3
Torino;1136;224;86;0;0;1;6
Torino;1137;202;82;0;0;0;7
Torino;1138;257;82;0;0;2;6
Torino;1139;1;1;0;1;0;0
Torino;1140;266;100;2;0;0;6
Torino;1141;338;138;0;2;0;12
Torino;1142;286;108;0;0;1;8
Torino;1143;378;152;0;0;0;9
Torino;1144;578;225;0;0;0;15
Torino;1145;255;103;0;0;0;8
Torino;1146;292;145;0;0;1;9
Torino;1147;141;71;0;0;0;5
Torino;1148;189;90;0;1;0;7
Torino;1149;182;75;0;0;0;6
Torino;1150;420;184;0;0;0;14
Torino;1151;117;65;0;0;1;8
Torino;1152;53;17;0;0;0;3
Torino;1153;384;181;0;0;0;11
Torino;1154;141;47;0;0;1;7
Torino;1155;258;116;0;0;2;10
Torino;1156;329;142;1;1;0;14
Torino;1157;209;96;0;0;1;9
Torino;1158;243;65;1;2;0;5
Torino;1159;283;120;0;0;0;9
Torino;1160;199;93;1;0;2;7
Torino;1161;243;99;0;1;0;9
Torino;1162;148;69;0;0;0;5
Torino;1163;320;141;0;0;0;16
Torino;1164;71;34;0;0;0;5
Torino;1165;295;130;1;1;0;13
Torino;1166;231;100;0;0;0;11
Torino;1167;256;123;0;1;0;8
Torino;1168;230;95;0;1;1;7
Torino;1169;182;88;1;0;0;10
Torino;1170;301;134;0;1;0;7
Torino;1171;275;139;0;0;0;12
Torino;1172;276;123;0;0;0;16
Torino;1173;230;95;0;0;1;8
Torino;1174;78;41;0;0;0;3
Torino;1175;281;123;0;0;0;9
Torino;1176;250;107;0;0;0;15
Torino;1177;326;131;0;0;0;5
Torino;1178;355;176;0;0;0;9
Torino;1179;40;3;0;0;0;0
Torino;1180;312;152;0;0;0;16
Torino;1181;178;84;0;0;0;4
Torino;1182;249;125;1;0;1;13
Torino;1183;272;120;0;0;1;10
Torino;1184;263;113;0;0;0;7
Torino;1185;383;164;0;0;0;17
Torino;1186;233;107;0;2;2;11
Torino;1187;268;108;0;0;1;8
Torino;1188;350;166;0;0;0;11
Torino;1189;234;100;0;0;1;12
Torino;1190;70;31;0;0;0;4
Torino;1191;660;304;0;4;2;24
Torino;1192;205;92;0;0;0;8
Torino;1193;303;135;0;4;1;13
Torino;1194;119;59;0;0;0;4
Torino;1195;635;248;0;0;0;23
Torino;1196;3;3;1;0;0;0
Torino;1197;491;220;0;1;0;17
Torino;1198;35;21;0;3;0;1
Torino;1199;112;50;0;0;0;5
Torino;1200;184;80;0;0;1;6
Torino;1201;153;75;0;0;0;9
Torino;1202;189;81;0;2;1;8
Torino;1203;110;67;0;0;2;4
Torino;1204;69;41;0;0;0;3
Torino;1205;239;106;0;0;0;7
Torino;1206;208;92;0;0;2;9
Torino;1207;111;46;0;0;0;3
Torino;1208;96;48;0;0;1;4
Torino;1209;135;56;0;1;0;6
Torino;1210;197;78;0;0;0;7
Torino;1211;283;134;0;0;0;11
Torino;1212;219;106;0;0;0;9
Torino;1213;159;74;0;0;1;6
Torino;1214;206;92;0;0;0;10
Torino;1215;168;78;0;0;0;2
Torino;1216;312;128;0;0;1;6
Torino;1217;228;85;0;0;1;11
Torino;1218;190;97;0;0;0;8
Torino;1219;249;104;0;0;0;10
Torino;1220;282;142;0;1;0;14
Torino;1221;325;145;0;0;0;10
Torino;1222;349;141;0;0;0;11
Torino;1223;227;104;0;0;1;12
Torino;1224;1;0;1;0;0;0
Torino;1225;270;132;0;0;0;13
Torino;1226;352;149;0;0;0;16
Torino;1227;243;98;0;1;0;12
Torino;1228;205;77;0;0;0;9
Torino;1229;91;33;0;0;0;2
Torino;1230;219;99;0;0;0;8
Torino;1231;17;6;0;0;0;1
Torino;1232;0;0;0;0;0;0
Torino;1233;181;74;0;0;2;6
Torino;1234;60;21;0;0;0;1
Torino;1236;303;125;0;0;0;5
Torino;1237;177;58;0;0;0;6
Torino;1238;126;25;0;0;0;4
Torino;1239;313;69;0;0;0;8
Torino;1240;158;44;0;0;0;2
Torino;1241;176;56;0;0;0;6
Torino;1242;224;68;0;0;0;7
Torino;1243;279;86;0;0;0;8
Torino;1244;174;68;0;0;0;2
Torino;1245;10;5;0;4;0;0
Torino;1246;438;169;1;3;1;6
Torino;1247;414;161;0;0;0;8
Torino;1248;17;9;0;0;0;1
Torino;1249;496;199;0;2;2;17
Torino;1250;187;63;0;0;1;8
Torino;1251;144;60;0;0;0;4
Torino;1252;220;78;0;0;0;5
Torino;1253;62;31;1;0;4;4
Torino;1254;173;78;2;0;5;3
Torino;1255;165;59;0;0;0;1
Torino;1256;70;30;0;0;1;5
Torino;1257;90;45;0;0;1;5
Torino;1258;12;5;0;2;1;0
Torino;1259;27;14;0;1;0;2
Torino;1260;502;213;4;1;1;20
Torino;1261;515;224;1;1;2;13
Torino;1262;230;93;2;0;4;4
Torino;1263;38;16;1;1;9;0
Torino;1264;68;30;0;0;0;3
Torino;1265;6;5;0;0;1;0
Torino;1266;91;45;1;0;1;4
Torino;1267;105;40;2;1;1;6
Torino;1268;190;83;0;2;2;6
Torino;1269;141;69;2;2;7;3
Torino;1270;62;24;0;0;1;4
Torino;1271;286;141;0;2;2;9
Torino;1272;108;48;0;0;1;7
Torino;1273;383;151;1;3;3;14
Torino;1274;211;85;0;2;2;10
Torino;1275;86;39;0;3;1;3
Torino;1276;95;49;0;0;1;4
Torino;1277;110;46;0;0;0;4
Torino;1278;234;101;2;2;1;10
Torino;1279;574;277;0;0;1;18
Torino;1280;409;190;1;2;3;19
Torino;1281;358;163;1;1;2;15
Torino;1282;225;116;0;3;3;11
Torino;1283;381;165;0;1;0;8
Torino;1284;163;70;0;0;0;3
Torino;1285;178;67;0;0;0;6
Torino;1286;142;75;0;0;0;3
Torino;1287;306;136;2;0;1;14
Torino;1288;227;107;0;0;0;6
Torino;1289;121;48;0;0;0;7
Torino;1290;166;78;0;0;0;4
Torino;1291;231;99;1;2;2;11
Torino;1292;189;84;0;0;0;2
Torino;1293;202;83;0;0;1;3
Torino;1294;238;99;0;0;0;9
Torino;1295;1;1;1;0;0;0
Torino;1296;2;1;1;0;0;0
Torino;1297;444;179;0;0;1;15
Torino;1298;137;54;0;2;2;4
Torino;1299;230;99;0;3;5;7
Torino;1300;16;7;2;1;0;0
Torino;1301;351;155;1;2;5;14
Torino;1302;334;135;1;3;3;11
Torino;1303;188;91;0;1;3;7
Torino;1304;258;110;0;2;2;7
Torino;1305;255;115;0;0;1;13
Torino;1306;364;140;1;2;2;10
Torino;1307;386;162;3;0;2;10
Torino;1308;343;139;0;0;0;3
Torino;1309;213;81;0;0;0;1
Torino;1310;8;5;0;2;0;0
Torino;1311;35;19;2;4;1;0
Torino;1312;114;42;1;6;4;12
Torino;1313;236;108;0;1;6;16
Torino;1314;58;19;0;0;4;5
Torino;1315;268;121;0;1;0;10
Torino;1316;235;105;0;0;1;13
Torino;1317;259;112;0;3;2;9
Torino;1318;260;109;0;0;1;9
Torino;1319;249;127;0;0;0;11
Torino;1320;374;173;1;0;0;7
Torino;1321;381;164;0;0;0;8
Torino;1322;86;34;0;0;0;1
Torino;1323;404;162;0;1;2;12
Torino;1324;230;102;1;2;0;10
Torino;1325;168;79;0;3;2;7
Torino;1326;205;81;0;9;1;9
Torino;1327;435;188;0;0;1;21
Torino;1328;319;136;0;1;4;14
Torino;1329;283;123;0;1;1;10
Torino;1330;170;84;0;0;2;6
Torino;1331;346;150;0;0;0;13
Torino;1332;430;181;1;0;0;13
Torino;1333;335;87;0;0;0;8
Torino;1334;427;205;0;0;2;18
Torino;1335;274;108;0;5;4;15
Torino;1336;373;162;1;4;3;19
Torino;1337;337;137;2;5;3;11
Torino;1338;300;136;3;0;4;13
Torino;1339;6;2;0;1;0;0
Torino;1340;268;122;5;2;2;8
Torino;1341;435;114;0;0;0;12
Torino;1342;155;66;0;0;1;10
Torino;1343;160;59;0;0;0;8
Torino;1344;463;201;0;0;1;21
Torino;1345;379;170;0;1;5;18
Torino;1346;476;203;5;1;0;27
Torino;1347;342;144;1;0;0;16
Torino;1348;326;104;0;0;0;5
Torino;1349;220;56;0;0;0;6
Torino;1350;466;177;0;2;0;12
Torino;1351;417;105;1;2;1;4
Torino;1352;332;142;1;0;1;13
Torino;1353;575;244;3;0;0;16
Torino;1354;317;145;2;0;0;11
Torino;1355;220;106;0;0;1;8
Torino;1356;366;163;0;1;2;12
Torino;1357;231;110;0;2;1;7
Torino;1358;207;97;0;1;0;9
Torino;1359;0;0;0;0;0;0
Torino;1360;231;117;0;0;0;10
Torino;1361;153;53;0;0;0;3
Torino;1362;234;104;0;1;0;13
Torino;1363;161;2;0;0;1;5
Torino;1364;287;132;0;1;1;10
Torino;1365;574;258;0;2;2;18
Torino;1366;916;404;2;0;1;29
Torino;1367;82;36;0;0;0;4
Torino;1368;148;79;1;0;2;5
Torino;1369;128;52;0;3;2;5
Torino;1370;169;75;0;1;0;4
Torino;1371;767;329;1;2;2;20
Torino;1372;307;118;0;0;0;7
Torino;1373;183;88;0;1;0;6
Torino;1374;409;178;0;2;3;12
Torino;1375;470;212;0;1;0;15
Torino;1376;342;143;4;3;1;12
Torino;1377;505;221;0;2;2;17
Torino;1378;103;42;1;1;0;3
Torino;1379;299;133;0;0;2;10
Torino;1380;146;55;2;2;1;3
Torino;1381;280;117;0;2;4;5
Torino;1382;170;77;0;1;2;5
Torino;1383;332;173;0;3;1;10
Torino;1384;116;46;0;1;2;4
Torino;1385;376;166;2;4;6;12
Torino;1386;301;119;0;2;1;13
Torino;1387;516;230;1;0;1;20
Torino;1388;107;62;0;0;0;5
Torino;1389;649;279;0;4;0;23
Torino;1390;564;246;3;2;1;14
Torino;1391;560;246;0;3;0;16
Torino;1392;813;306;1;0;0;14
Torino;1393;523;215;9;10;4;17
Torino;1394;800;334;2;5;4;26
Torino;1395;420;172;3;2;0;12
Torino;1396;440;192;5;3;4;17
Torino;1397;235;105;2;3;1;10
Torino;1398;185;82;2;1;1;10
Torino;1399;202;82;0;3;0;3
Torino;1400;238;99;0;1;2;7
Torino;1401;272;119;3;2;3;8
Torino;1402;190;92;0;4;3;6
Torino;1403;236;115;2;0;1;13
Torino;1404;481;208;5;0;5;19
Torino;1405;219;87;0;3;2;5
Torino;1406;353;162;0;0;0;8
Torino;1407;231;108;3;4;2;11
Torino;1408;257;90;1;3;4;12
Torino;1409;296;126;3;1;4;13
Torino;1410;363;174;0;3;4;14
Torino;1411;339;146;2;1;3;16
Torino;1412;315;115;1;2;7;7
Torino;1413;336;158;4;3;3;12
Torino;1414;138;65;0;1;2;4
Torino;1415;388;162;0;2;1;14
Torino;1416;220;95;0;1;0;10
Torino;1417;119;55;0;0;1;6
Torino;1418;182;65;0;0;0;5
Torino;1419;287;101;0;0;0;9
Torino;1420;171;67;0;0;0;5
Torino;1421;289;95;0;0;0;8
Torino;1422;295;141;1;0;0;15
Torino;1423;735;195;0;0;0;8
Torino;1424;0;0;0;0;0;0
Torino;1425;524;233;0;0;0;8
Torino;1426;393;179;1;0;0;5
Torino;1427;247;116;0;0;0;9
Torino;1428;321;137;1;0;0;5
Torino;1429;180;74;0;0;0;5
Torino;1430;139;54;0;0;1;6
Torino;1431;36;20;0;0;1;1
Torino;1432;437;187;1;2;1;9
Torino;1433;0;0;0;0;0;0
Torino;1434;0;0;0;0;0;0
Torino;1435;246;128;0;0;1;9
Torino;1436;213;91;1;0;0;10
Torino;1437;153;65;1;1;0;10
Torino;1438;145;58;0;0;0;8
Torino;1439;272;121;0;0;0;12
Torino;1440;150;55;0;3;2;2
Torino;1441;162;78;0;1;2;8
Torino;1442;393;167;0;0;0;9
Torino;1443;452;194;0;0;0;8
Torino;1444;61;28;1;3;0;4
Torino;1445;500;218;5;2;1;17
Torino;1446;406;208;1;3;1;17
Torino;1447;470;205;2;3;2;18
Torino;1448;297;118;0;0;3;11
Torino;1449;132;59;0;0;1;12
Torino;1450;100;40;0;0;0;3
Torino;1451;466;221;4;1;0;21
Torino;1452;293;124;0;0;0;10
Torino;1453;280;112;0;2;2;6
Torino;1454;177;85;0;1;0;11
Torino;1455;15;5;0;0;0;0
Torino;1456;3;3;1;0;0;0
Torino;1457;86;35;0;0;0;4
Torino;1458;63;26;0;1;0;5
Torino;1459;281;116;2;0;0;13
Torino;1460;173;75;0;2;2;12
Torino;1461;275;118;3;0;0;12
Torino;1462;261;121;1;1;4;9
Torino;1463;161;37;0;0;0;2
Torino;1464;167;67;1;2;1;8
Torino;1465;172;57;0;1;0;7
Torino;1466;281;126;0;2;1;15
Torino;1467;298;136;1;0;1;16
Torino;1468;334;130;3;1;0;19
Torino;1469;242;109;0;0;2;13
Torino;1470;207;90;0;2;3;8
Torino;1471;144;65;0;0;0;7
Torino;1472;374;153;1;1;4;20
Torino;1473;391;144;1;2;0;21
Torino;1474;178;77;0;0;3;8
Torino;1475;228;97;0;1;0;9
Torino;1476;139;53;0;0;2;9
Torino;1477;136;64;0;0;2;8
Torino;1478;354;153;1;2;0;21
Torino;1479;166;67;0;0;1;11
Torino;1480;492;203;1;0;1;13
Torino;1481;146;61;0;0;1;10
Torino;1482;286;141;1;1;8;13
Torino;1483;261;112;0;0;1;13
Torino;1484;211;92;0;1;2;9
Torino;1485;110;51;0;1;1;3
Torino;1486;312;134;0;3;1;11
Torino;1487;46;17;1;1;0;1
Torino;1488;243;98;2;2;1;9
Torino;1489;213;97;2;1;1;7
Torino;1490;186;83;1;3;1;10
Torino;1491;298;123;2;0;1;14
Torino;1492;226;96;0;1;1;10
Torino;1493;246;105;4;2;5;8
Torino;1494;175;80;0;0;2;7
Torino;1495;348;139;2;0;2;9
Torino;1496;316;121;0;0;0;10
Torino;1497;210;85;3;4;2;3
Torino;1498;11;7;0;3;1;0
Torino;1499;483;176;0;0;0;11
Torino;1500;200;89;1;2;2;9
Torino;1501;150;68;0;0;2;7
Torino;1502;1;1;0;1;0;0
Torino;1503;1;1;1;0;0;0
Torino;1504;210;89;1;1;0;5
Torino;1505;672;296;0;0;0;23
Torino;1506;392;172;2;2;1;24
Torino;1507;960;399;7;5;4;45
Torino;1508;291;131;0;0;2;13
Torino;1509;236;95;2;3;3;6
Torino;1510;14;3;1;0;0;0
Torino;1511;330;145;1;0;0;3
Torino;1512;284;118;0;0;0;7
Torino;1513;135;60;3;2;0;7
Torino;1514;83;33;0;0;0;3
Torino;1515;272;121;1;2;1;16
Torino;1516;90;39;0;0;1;4
Torino;1517;235;74;0;3;5;6
Torino;1518;0;0;0;0;0;0
Torino;1519;545;183;0;0;0;2
Torino;1520;132;67;0;1;0;1
Torino;1521;268;110;1;2;2;8
Torino;1522;143;62;0;5;0;6
Torino;1523;457;207;2;2;0;17
Torino;1524;332;144;0;2;1;11
Torino;1525;353;161;2;0;0;8
Torino;1526;174;67;0;1;1;5
Torino;1527;395;178;2;2;2;10
Torino;1528;31;18;0;0;0;2
Torino;1529;226;90;0;1;2;7
Torino;1530;133;63;0;4;3;6
Torino;1531;815;372;0;0;0;10
Torino;1532;704;323;2;11;2;24
Torino;1533;862;365;5;8;4;20
Torino;1534;1;0;0;0;1;0
Torino;1535;428;181;0;3;5;19
Torino;1536;362;169;3;2;5;16
Torino;1537;136;73;1;4;5;4
Torino;1538;189;82;2;4;4;9
Torino;1539;387;165;1;2;2;14
Torino;1540;338;144;1;5;2;14
Torino;1541;425;183;0;1;1;18
Torino;1542;673;314;0;0;0;4
Torino;1543;265;149;0;0;0;4
Torino;1544;0;0;0;1;0;0
Torino;1545;367;141;1;3;4;14
Torino;1546;160;72;0;0;0;5
Torino;1547;229;106;0;0;1;9
Torino;1548;413;159;0;3;1;9
Torino;1549;435;183;0;2;0;11
Torino;1550;443;178;0;0;0;11
Torino;1551;124;66;0;3;1;3
Torino;1552;415;188;0;0;3;13
Torino;1553;55;25;0;1;0;1
Torino;1554;179;70;0;0;1;4
Torino;1555;336;128;0;0;0;4
Torino;1556;417;168;0;0;2;9
Torino;1557;23;17;0;2;1;0
Torino;1558;526;228;0;2;2;13
Torino;1559;11;3;2;1;0;0
Torino;1560;290;125;0;5;0;10
Torino;1561;350;147;6;2;0;12
Torino;1562;535;244;4;11;4;11
Torino;1563;401;167;0;0;0;9
Torino;1564;21;8;0;5;0;0
Torino;1565;254;114;0;8;0;3
Torino;1566;91;30;0;5;0;3
Torino;1567;273;114;0;0;1;11
Torino;1568;229;84;1;2;0;11
Torino;1569;403;193;1;3;2;18
Torino;1570;328;122;0;1;0;12
Torino;1571;186;85;0;0;1;6
Torino;1572;150;89;0;0;0;2
Torino;1573;0;0;0;0;0;0
Torino;1574;581;218;0;0;0;14
Torino;1576;758;333;0;0;0;21
Torino;1578;0;0;0;0;0;0
Torino;1579;3;1;1;0;0;0
Torino;1580;33;17;0;2;1;1
Torino;1581;3;1;1;2;0;0
Torino;1582;197;83;1;14;5;4
Torino;1583;110;43;0;2;5;2
Torino;1584;405;160;2;0;2;4
Torino;1585;3;3;0;1;0;0
Torino;1586;58;32;0;1;3;0
Torino;1587;0;0;0;0;0;0
Torino;1588;4;2;1;0;0;0
Torino;1589;696;284;1;1;1;13
Torino;1590;803;309;0;1;0;11
Torino;1591;297;131;0;5;1;8
Torino;1592;346;131;0;0;3;7
Torino;1593;90;33;1;0;0;3
Torino;1594;346;150;0;9;0;3
Torino;1595;291;117;0;1;0;9
Torino;1596;372;162;3;17;10;10
Torino;1597;0;0;0;0;0;0
Torino;1598;479;136;0;0;0;2
Torino;1599;206;58;0;0;0;3
Torino;1600;478;172;4;4;5;9
Torino;1601;530;130;0;0;0;4
Torino;1602;32;13;0;0;0;1
Torino;1603;548;129;0;0;0;4
Torino;1604;586;203;1;0;0;14
Torino;1605;110;44;0;3;0;4
Torino;1606;116;57;1;0;2;2
Torino;1607;437;172;1;0;1;7
Torino;1608;329;145;1;2;0;8
Torino;1609;518;200;1;6;8;14
Torino;1610;287;136;1;1;1;9
Torino;1611;132;66;0;3;1;3
Torino;1612;14;6;0;1;0;1
Torino;1613;4;3;0;2;0;0
Torino;1614;224;82;0;1;1;6
Torino;1615;623;249;1;1;1;18
Torino;1616;333;137;2;9;2;12
Torino;1617;261;99;3;7;5;6
Torino;1618;379;148;0;4;1;8
Torino;1619;197;81;2;4;1;8
Torino;1620;391;136;0;0;0;10
Torino;1621;820;348;5;3;2;27
Torino;1622;800;304;0;2;1;12
Torino;1623;733;256;1;6;4;11
Torino;1624;178;70;0;3;2;6
Torino;1625;815;297;1;13;5;20
Torino;1626;505;200;6;6;6;14
Torino;1627;409;167;3;3;0;20
Torino;1628;506;206;0;1;1;18
Torino;1629;436;179;0;0;0;16
Torino;1630;453;163;0;0;0;14
Torino;1631;395;147;0;0;0;7
Torino;1632;202;84;1;1;2;4
Torino;1633;162;55;4;11;5;6
Torino;1634;331;133;2;1;2;10
Torino;1635;243;96;1;2;2;9
Torino;1636;157;62;4;1;4;6
Torino;1637;591;224;1;1;0;12
Torino;1638;273;106;1;1;2;8
Torino;1639;223;90;0;2;2;6
Torino;1640;590;226;1;1;0;21
Torino;1641;275;118;3;3;1;12
Torino;1642;643;251;0;0;0;15
Torino;1643;460;191;2;1;2;12
Torino;1644;222;88;0;5;4;8
Torino;1645;485;190;3;0;0;12
Torino;1646;187;60;1;0;1;7
Torino;1647;221;91;2;10;5;4
Torino;1648;240;81;0;2;0;3
Torino;1649;450;185;1;0;2;12
Torino;1650;195;79;2;1;8;6
Torino;1651;354;139;2;5;1;13
Torino;1652;132;53;0;2;1;4
Torino;1653;734;295;4;12;6;24
Torino;1654;182;66;1;4;1;4
Torino;1655;150;57;2;2;1;4
Torino;1656;139;63;3;3;3;6
Torino;1657;145;56;0;0;0;2
Torino;1658;113;47;4;6;4;4
Torino;1659;448;148;0;1;1;8
Torino;1660;3;2;1;0;0;0
Torino;1661;344;119;1;3;1;7
Torino;1662;335;138;0;8;3;13
Torino;1663;106;44;4;2;3;3
Torino;1664;177;71;0;3;2;6
Torino;1665;226;75;0;3;1;6
Torino;1666;118;59;0;0;0;6
Torino;1667;62;27;0;0;0;3
Torino;1668;289;111;0;0;0;1
Torino;1669;293;100;0;1;1;5
Torino;1670;205;84;1;0;0;4
Torino;1671;135;54;1;6;4;5
Torino;1672;107;34;4;1;4;2
Torino;1673;149;56;2;2;4;5
Torino;1674;161;63;1;0;4;6
Torino;1675;145;53;1;0;2;4
Torino;1676;144;59;0;3;4;6
Torino;1677;151;65;0;3;1;5
Torino;1678;105;34;0;0;5;0
Torino;1679;200;69;0;0;0;7
Torino;1680;155;62;0;2;2;4
Torino;1681;198;79;1;1;1;7
Torino;1682;3;0;0;0;0;0
Torino;1683;135;53;1;3;9;1
Torino;1684;117;50;2;2;8;2
Torino;1685;176;55;1;2;5;4
Torino;1686;499;198;1;6;2;11
Torino;1687;124;48;1;5;8;4
Torino;1688;245;82;0;0;0;6
Torino;1689;452;178;0;1;0;19
Torino;1690;284;108;0;0;1;9
Torino;1691;268;115;2;2;1;7
Torino;1692;226;80;1;3;0;4
Torino;1693;420;168;1;2;13;12
Torino;1694;796;286;1;5;8;14
Torino;1695;117;36;0;1;4;5
Torino;1696;490;164;3;2;1;9
Torino;1697;148;59;0;0;0;4
Torino;1698;1;0;0;0;0;0
Torino;1699;217;83;1;0;2;9
Torino;1700;148;44;0;0;0;4
Torino;1701;143;48;0;0;0;4
Torino;1702;236;82;0;0;2;8
Torino;1703;321;113;1;0;0;10
Torino;1704;200;73;0;0;0;6
Torino;1705;247;89;0;2;4;9
Torino;1706;312;123;1;2;1;10
Torino;1707;182;68;1;2;1;6
Torino;1708;325;132;1;1;0;8
Torino;1709;859;452;4;1;0;9
Torino;1710;261;92;4;0;5;7
Torino;1711;91;40;0;0;0;4
Torino;1712;139;55;0;1;1;10
Torino;1713;291;110;2;1;3;15
Torino;1714;286;116;1;0;1;9
Torino;1715;89;39;1;4;3;2
Torino;1716;237;93;0;3;3;9
Torino;1717;202;75;0;3;4;5
Torino;1718;300;113;1;2;7;8
Torino;1719;105;44;0;1;1;2
Torino;1720;252;110;0;0;0;5
Torino;1721;174;81;0;2;4;5
Torino;1722;230;72;0;2;3;3
Torino;1723;138;52;2;0;0;2
Torino;1724;778;401;0;0;0;4
Torino;1725;255;58;0;0;0;2
Torino;1726;97;39;1;2;5;5
Torino;1727;156;59;3;2;1;6
Torino;1728;288;113;0;1;1;7
Torino;1729;179;66;0;2;5;5
Torino;1730;206;71;0;1;2;5
Torino;1731;386;145;3;0;2;7
Torino;1732;680;251;1;0;0;10
Torino;1733;178;74;1;0;3;6
Torino;1734;0;0;0;0;0;0
Torino;1735;910;265;0;0;0;16
Torino;1736;208;80;1;1;9;8
Torino;1737;163;72;2;0;2;3
Torino;1738;409;164;0;0;1;10
Torino;1739;703;231;0;0;0;10
Torino;1740;192;46;0;0;0;4
Torino;1741;419;196;1;1;2;7
Torino;1742;232;52;0;0;0;5
Torino;1743;727;235;0;0;37;3
Torino;1744;65;26;1;0;6;3
Torino;1745;24;12;0;0;1;1
Torino;1746;53;26;0;2;0;3
Torino;1747;176;79;1;5;7;2
Torino;1748;1;0;0;0;0;0
Torino;1749;17;5;0;8;0;0
Torino;1750;498;111;0;4;1;5
Torino;1751;303;60;0;0;0;2
Torino;1752;160;24;0;0;0;1
Torino;1753;485;121;0;0;0;6
Torino;1754;9;2;1;0;0;0
Torino;1755;38;11;2;4;0;1
Torino;1756;39;19;1;3;2;0
Torino;1757;196;65;0;0;0;12
Torino;1758;411;143;2;3;1;8
Torino;1759;240;91;0;4;0;5
Torino;1760;185;80;1;3;2;10
Torino;1761;73;27;0;1;1;1
Torino;1762;160;62;0;3;0;6
Torino;1763;1173;375;0;0;0;9
Torino;1764;405;170;0;2;4;10
Torino;1765;170;61;1;5;1;6
Torino;1766;122;35;0;0;0;4
Torino;1767;343;124;0;1;2;8
Torino;1768;3;1;0;1;0;0
Torino;1769;396;141;0;0;0;9
Torino;1770;630;242;1;1;5;13
Torino;1771;585;195;0;0;0;4
Torino;1772;815;302;0;0;0;4
Torino;1773;503;187;0;0;0;7
Torino;1774;271;118;1;8;1;6
Torino;1775;579;254;1;2;2;10
Torino;1776;288;119;0;0;2;8
Torino;1777;474;180;3;3;2;11
Torino;1778;578;243;0;0;1;18
Torino;1779;199;81;3;2;1;9
Torino;1780;367;153;2;2;0;8
Torino;1781;197;75;1;1;1;6
Torino;1782;294;113;1;3;4;7
Torino;1783;299;128;1;4;1;9
Torino;1784;262;85;0;0;0;2
Torino;1785;777;277;0;0;3;28
Torino;1786;346;120;5;1;1;12
Torino;1787;143;54;4;2;0;3
Torino;1788;352;138;1;1;3;10
Torino;1789;216;100;0;1;0;9
Torino;1790;512;222;1;5;4;17
Torino;1791;195;66;0;0;0;2
Torino;1792;341;115;0;0;2;14
Torino;1793;523;164;1;2;0;16
Torino;1794;657;265;0;1;0;22
Torino;1795;554;230;1;10;3;15
Torino;1796;466;191;1;6;3;17
Torino;1797;186;90;0;1;0;6
Torino;1798;541;208;0;0;0;17
Torino;1799;222;83;1;0;2;3
Torino;1800;426;154;0;1;4;10
Torino;1801;11;2;1;0;1;0
Torino;1802;338;126;0;11;4;10
Torino;1803;256;101;0;2;0;5
Torino;1804;109;44;0;5;1;4
Torino;1805;308;124;7;5;7;8
Torino;1806;218;85;0;0;6;2
Torino;1807;332;136;0;2;1;3
Torino;1808;161;63;1;4;0;5
Torino;1809;321;129;2;10;7;6
Torino;1810;77;32;0;3;2;0
Torino;1811;232;81;2;5;5;7
Torino;1812;537;211;0;0;0;6
Torino;1813;315;124;5;5;2;8
Torino;1814;11;6;0;3;0;0
Torino;1815;371;151;1;2;0;9
Torino;1816;374;161;4;0;2;7
Torino;1817;502;197;2;0;0;11
Torino;1818;110;39;5;5;0;1
Torino;1819;612;308;0;1;1;6
Torino;1820;416;136;0;0;0;8
Torino;1821;905;209;0;0;0;1
Torino;1822;616;230;1;0;0;7
Torino;1823;904;330;0;3;0;9
Torino;1824;308;124;0;2;1;11
Torino;1825;282;120;1;1;1;9
Torino;1826;318;115;1;2;2;12
Torino;1827;324;105;0;2;0;5
Torino;1828;374;145;0;1;0;11
Torino;1829;255;95;0;5;0;9
Torino;1830;390;188;2;0;2;12
Torino;1831;359;153;0;1;0;11
Torino;1832;0;0;0;0;0;0
Torino;1833;17;8;5;1;0;0
Torino;1834;402;151;1;4;4;14
Torino;1835;362;124;0;3;2;8
Torino;1836;601;250;1;2;1;23
Torino;1837;639;269;4;4;3;24
Torino;1838;359;153;1;1;1;12
Torino;1839;441;187;0;2;1;15
Torino;1840;2;2;1;0;0;0
Torino;1841;359;162;3;2;2;15
Torino;1842;438;183;1;2;1;11
Torino;1843;303;133;0;3;0;8
Torino;1844;10;4;1;2;0;0
Torino;1845;359;149;3;2;0;5
Torino;1846;284;116;2;0;0;7
Torino;1847;283;119;3;1;2;9
Torino;1848;911;332;1;0;0;6
Torino;1849;334;130;5;2;2;9
Torino;1850;746;352;0;0;1;5
Torino;1851;118;49;0;0;0;3
Torino;1852;293;124;2;4;1;5
Torino;1853;332;119;1;6;5;6
Torino;1854;288;126;0;0;4;7
Torino;1855;141;56;0;0;1;10
Torino;1856;90;42;0;3;4;1
Torino;1857;802;280;0;0;0;6
Torino;1858;512;203;2;2;3;6
Torino;1859;171;68;0;1;1;6
Torino;1860;68;20;0;2;0;0
Torino;1861;282;112;2;4;6;3
Torino;1862;75;35;1;4;3;0
Torino;1863;194;82;0;1;2;3
Torino;1864;36;30;1;0;1;0
Torino;1865;5;4;0;0;0;0
Torino;1868;298;110;1;0;2;7
Torino;1869;95;42;0;2;2;2
Torino;1870;186;78;2;0;1;5
Torino;1871;384;162;4;3;2;6
Torino;1872;186;85;2;2;0;5
Torino;1873;268;95;0;0;0;1
Torino;1874;184;74;1;4;2;2
Torino;1875;594;229;1;1;2;7
Torino;1876;0;0;0;0;0;0
Torino;1877;572;238;1;4;0;11
Torino;1878;185;72;0;4;2;3
Torino;1879;302;122;1;4;4;10
Torino;1880;80;31;0;2;4;3
Torino;1881;751;269;1;0;0;6
Torino;1882;420;181;0;2;2;9
Torino;1883;403;162;1;7;0;10
Torino;1884;757;308;5;6;9;23
Torino;1885;28;9;2;0;1;1
Torino;1886;227;103;0;0;0;1
Torino;1887;234;101;5;7;4;7
Torino;1888;193;74;1;13;4;5
Torino;1889;291;114;2;10;4;4
Torino;1890;164;83;0;4;2;4
Torino;1891;185;60;0;11;1;3
Torino;1892;269;90;2;2;1;7
Torino;1893;78;26;0;2;1;2
Torino;1894;456;181;1;1;3;7
Torino;1895;343;164;1;5;4;13
Torino;1896;532;186;0;1;6;16
Torino;1897;191;81;0;3;1;6
Torino;1898;413;170;3;3;1;11
Torino;1899;201;87;0;0;1;7
Torino;1900;197;89;2;3;3;3
Torino;1901;406;170;4;3;7;12
Torino;1902;502;212;0;0;0;12
Torino;1903;519;231;7;11;3;9
Torino;1904;450;198;2;1;1;14
Torino;1905;27;13;3;2;1;0
Torino;1906;132;58;10;5;7;0
Torino;1907;158;70;8;4;3;4
Torino;1908;144;59;6;7;2;2
Torino;1909;58;25;1;4;2;1
Torino;1910;131;62;4;1;3;4
Torino;1911;151;68;6;8;2;2
Torino;1912;242;126;0;2;0;3
Torino;1913;479;222;6;7;1;16
Torino;1914;155;70;1;5;4;6
Torino;1915;207;87;2;5;2;4
Torino;1916;196;81;0;9;1;5
Torino;1917;323;134;0;0;1;3
Torino;1918;166;72;1;2;0;4
Torino;1919;366;162;1;1;4;7
Torino;1920;31;11;0;0;1;1
Torino;1921;55;27;2;0;2;1
Torino;1922;289;112;1;7;1;10
Torino;1923;577;233;1;3;0;13
Torino;1924;371;153;0;8;4;10
Torino;1925;242;92;0;4;3;6
Torino;1926;21;11;1;0;0;1
Torino;1927;162;69;3;6;4;4
Torino;1928;290;101;2;1;0;3
Torino;1929;308;131;2;1;1;8
Torino;1930;272;113;2;0;0;6
Torino;1931;104;36;2;1;2;4
Torino;1932;251;105;4;6;5;6
Torino;1933;159;72;0;4;3;5
Torino;1934;368;150;0;1;0;11
Torino;1935;217;85;1;2;0;4
Torino;1937;217;93;0;1;0;9
Torino;1938;427;186;0;4;0;11
Torino;1939;335;145;0;7;0;10
Torino;1940;880;372;2;0;0;9
Torino;1941;429;182;11;16;3;7
Torino;1942;52;24;0;2;1;1
Torino;1943;35;15;2;0;0;1
Torino;1944;14;5;0;0;0;1
Torino;1945;154;61;1;2;1;2
Torino;1946;89;30;1;6;1;1
Torino;1947;41;17;2;5;1;0
Torino;1948;218;138;0;0;1;4
Torino;1949;301;139;1;2;3;11
Torino;1950;65;17;3;2;3;2
Torino;1951;107;43;4;0;0;1
Torino;1952;317;132;2;3;2;6
Torino;1953;258;108;0;0;0;7
Torino;1954;28;0;0;0;0;0
Torino;1955;936;225;1;0;0;6
Torino;1956;1041;387;0;0;0;10
Torino;1957;732;284;0;1;1;7
Torino;1958;8;4;0;2;0;0
Torino;1959;304;110;0;1;0;4
Torino;1960;290;102;1;0;0;3
Torino;1961;774;298;4;9;6;12
Torino;1962;486;209;0;12;5;7
Torino;1963;312;107;3;1;3;8
Torino;1964;254;86;1;3;2;5
Torino;1965;156;61;2;10;2;2
Torino;1966;330;129;2;2;0;6
Torino;1967;146;56;2;2;2;3
Torino;1968;265;111;1;0;7;5
Torino;1969;487;212;4;3;2;11
Torino;1970;27;11;0;0;0;0
Torino;1971;332;138;2;4;1;10
Torino;1972;331;143;5;2;3;12
Torino;1973;143;55;2;6;0;5
Torino;1974;245;109;4;24;0;5
Torino;1975;472;204;0;0;0;15
Torino;1976;188;78;6;2;2;3
Torino;1977;53;21;6;4;2;1
Torino;1978;478;168;0;1;2;9
Torino;1979;159;53;2;2;1;2
Torino;1980;1035;410;2;6;1;8
Torino;1981;364;72;0;0;0;5
Torino;1982;20;11;0;2;0;0
Torino;1983;194;88;2;5;2;5
Torino;1984;701;304;5;21;7;11
Torino;1985;591;237;9;20;4;13
Torino;1986;535;247;2;12;9;17
Torino;1987;300;112;0;1;2;7
Torino;1988;357;156;1;0;0;10
Torino;1989;163;48;0;0;4;0
Torino;1990;187;39;0;0;4;0
Torino;1991;221;97;1;0;0;9
Torino;1992;65;25;0;1;1;1
Torino;1993;0;0;0;0;0;0
Torino;1994;7;4;0;1;0;0
Torino;1995;0;0;0;0;0;0
Torino;1996;7;3;0;2;0;0
Torino;1997;640;251;2;1;6;22
Torino;1998;52;26;0;0;0;4
Torino;1999;148;61;0;0;4;11
Torino;2000;121;53;0;1;5;3
Torino;2001;176;95;1;5;7;4
Torino;2002;336;115;0;0;0;7
Torino;2003;561;243;0;1;4;12
Torino;2004;231;108;0;1;2;9
Torino;2005;685;320;0;1;1;20
Torino;2006;570;217;2;0;0;24
Torino;2007;138;51;0;1;0;7
Torino;2008;472;193;0;2;3;16
Torino;2009;334;132;1;2;0;7
Torino;2010;295;111;0;1;1;7
Torino;2011;191;80;0;1;5;6
Torino;2012;188;79;1;2;2;7
Torino;2013;771;312;0;4;0;19
Torino;2014;101;37;1;2;1;4
Torino;2015;293;140;3;2;1;11
Torino;2016;209;86;0;0;5;12
Torino;2017;226;92;1;0;2;12
Torino;2018;453;191;3;6;4;13
Torino;2019;490;198;1;1;5;16
Torino;2020;256;120;0;2;1;9
Torino;2021;240;97;2;2;0;9
Torino;2022;278;119;0;1;1;8
Torino;2023;490;208;0;0;0;17
Torino;2024;108;49;0;0;0;5
Torino;2025;148;69;0;0;1;5
Torino;2026;195;83;0;0;0;10
Torino;2027;240;108;1;4;2;8
Torino;2028;311;126;6;5;3;10
Torino;2029;392;154;2;2;3;7
Torino;2030;224;87;2;5;2;5
Torino;2031;187;85;1;5;4;7
Torino;2032;269;113;1;5;2;12
Torino;2033;313;153;2;3;4;14
Torino;2034;339;145;0;5;2;15
Torino;2035;224;98;0;1;1;16
Torino;2036;361;154;0;0;1;15
Torino;2037;184;72;0;0;0;7
Torino;2038;252;103;0;0;0;8
Torino;2039;380;153;0;0;5;12
Torino;2040;468;202;1;2;0;15
Torino;2041;1266;478;0;0;3;27
Torino;2042;147;68;0;1;1;7
Torino;2043;329;136;1;1;1;19
Torino;2044;261;113;2;2;2;9
Torino;2045;339;152;0;0;1;13
Torino;2046;81;33;0;0;1;5
Torino;2047;188;77;0;0;0;6
Torino;2048;163;70;0;0;3;9
Torino;2049;129;61;0;5;2;6
Torino;2050;293;118;0;0;0;1
Torino;2051;474;217;0;1;0;27
Torino;2052;462;202;1;0;0;21
Torino;2053;90;40;0;0;4;3
Torino;2054;266;111;2;0;0;8
Torino;2055;228;102;2;0;5;7
Torino;2056;573;249;0;0;2;15
Torino;2057;318;132;0;3;1;8
Torino;2058;231;89;0;2;1;7
Torino;2059;139;61;2;1;2;8
Torino;2060;435;177;0;1;4;11
Torino;2061;464;176;2;6;6;12
Torino;2062;322;145;0;2;0;12
Torino;2063;404;170;2;0;2;12
Torino;2064;465;217;1;1;2;8
Torino;2065;484;199;0;2;0;12
Torino;2066;365;147;4;4;1;13
Torino;2067;258;101;1;2;2;8
Torino;2068;404;176;0;2;0;10
Torino;2069;454;179;0;1;0;12
Torino;2070;422;163;0;0;0;4
Torino;2071;132;60;0;2;2;3
Torino;2072;172;70;0;0;2;6
Torino;2073;310;138;0;2;1;9
Torino;2074;185;77;1;6;1;6
Torino;2075;427;158;0;4;1;14
Torino;2076;10;5;0;3;0;0
Torino;2077;2;1;0;1;0;0
Torino;2078;3;0;0;0;0;0
Torino;2079;369;163;0;0;1;12
Torino;2080;534;207;0;0;1;15
Torino;2081;13;8;0;2;0;0
Torino;2082;87;38;0;0;0;2
Torino;2083;364;154;0;0;0;7
Torino;2084;521;195;0;0;0;9
Torino;2085;359;141;0;0;0;4
Torino;2086;235;103;2;8;2;7
Torino;2087;218;99;2;2;0;2
Torino;2088;0;0;0;0;0;0
Torino;2089;932;269;0;0;3;32
Torino;2090;375;148;0;0;1;10
Torino;2091;445;189;0;2;0;10
Torino;2092;49;49;0;0;0;0
Torino;2093;486;169;0;0;0;5
Torino;2094;399;152;0;2;0;14
Torino;2095;825;352;0;1;0;22
Torino;2096;775;289;0;0;0;14
Torino;2097;19;8;0;0;1;0
Torino;2098;543;217;0;1;0;13
Torino;2099;711;257;1;0;0;7
Torino;2100;700;287;0;0;1;15
Torino;2101;258;111;0;0;0;7
Torino;2102;9;7;1;0;0;0
Torino;2103;299;145;0;0;0;6
Torino;2104;293;106;0;0;0;4
Torino;2105;959;436;1;3;1;21
Torino;2106;232;93;0;3;0;7
Torino;2107;331;136;0;0;0;11
Torino;2108;330;149;1;1;2;12
Torino;2109;289;122;2;1;2;13
Torino;2110;271;123;0;2;2;6
Torino;2111;269;102;0;0;0;10
Torino;2112;167;84;0;1;0;7
Torino;2113;298;125;0;1;0;10
Torino;2114;204;92;0;0;2;6
Torino;2115;78;35;0;3;1;0
Torino;2116;183;83;3;8;1;6
Torino;2117;123;57;5;6;2;5
Torino;2118;627;255;3;7;10;21
Torino;2119;249;114;3;2;0;12
Torino;2120;372;158;0;0;0;11
Torino;2121;261;115;0;2;1;6
Torino;2122;119;53;1;8;2;5
Torino;2123;371;157;0;1;1;12
Torino;2124;255;109;2;2;2;5
Torino;2125;301;138;1;2;3;13
Torino;2126;382;182;1;4;3;11
Torino;2127;262;113;4;3;3;9
Torino;2128;303;127;0;0;0;10
Torino;2129;280;118;3;0;0;9
Torino;2130;433;166;0;0;0;14
Torino;2131;2;2;0;1;0;0
Torino;2132;4;0;0;0;0;0
Torino;2133;189;70;0;0;0;2
Torino;2134;264;98;0;0;1;1
Torino;2135;283;115;0;0;1;10
Torino;2136;347;140;1;0;0;6
Torino;2137;73;31;0;1;5;0
Torino;2138;372;162;1;0;1;9
Torino;2139;361;107;0;0;0;3
Torino;2140;454;187;0;0;1;18
Torino;2141;281;115;0;2;1;17
Torino;2142;365;142;2;1;3;14
Torino;2143;119;39;0;2;4;1
Torino;2144;381;150;0;0;0;6
Torino;2145;1328;541;2;4;0;24
Torino;2146;361;127;0;0;0;4
Torino;2147;112;44;4;3;0;3
Torino;2148;475;197;0;0;0;7
Torino;2149;719;324;0;0;0;16
Torino;2150;281;136;0;0;0;12
Torino;2151;163;67;0;1;1;8
Torino;2152;196;83;0;1;0;4
Torino;2153;191;86;0;1;1;7
Torino;2154;38;13;0;0;0;0
Torino;2155;55;44;0;5;0;0
Torino;2156;5;5;0;2;0;0
Torino;2157;215;88;0;0;0;3
Torino;2158;0;0;0;0;0;0
Torino;2159;5;2;0;1;0;0
Torino;2160;25;9;0;10;0;0
Torino;2161;594;232;2;0;0;7
Torino;2162;532;187;0;0;0;10
Torino;2163;684;282;0;0;0;12
Torino;2164;1039;399;0;2;2;20
Torino;2165;0;0;0;0;0;0
Torino;2166;129;0;0;0;0;0
Torino;2167;628;249;1;1;0;10
Torino;2168;510;198;0;0;0;12
Torino;2169;706;251;0;1;0;19
Torino;2170;505;210;0;0;0;13
Torino;2171;824;270;0;0;0;6
Torino;2172;362;151;2;1;0;12
Torino;2173;482;223;0;1;2;21
Torino;2174;797;353;0;0;3;22
Torino;2175;713;298;4;2;1;21
Torino;2176;730;315;0;0;3;18
Torino;2177;855;374;0;0;0;16
Torino;2178;776;322;2;1;1;18
Torino;2179;898;364;7;7;10;14
Torino;2180;867;341;1;3;0;17
Torino;2181;214;93;2;0;0;10
Torino;2182;148;63;0;3;1;3
Torino;2183;0;0;0;0;0;0
Torino;2184;384;149;0;0;0;3
Torino;2185;369;148;0;0;0;5
Torino;2186;734;212;0;0;0;15
Torino;2187;788;417;0;0;0;2
Torino;2189;0;0;0;0;0;0
Torino;2190;197;101;0;0;4;8
Torino;2191;697;261;1;1;0;14
Torino;2192;375;156;1;0;4;7
Torino;2193;477;207;1;0;1;17
Torino;2194;462;177;0;0;2;10
Torino;2195;344;161;0;0;0;7
Torino;2196;358;145;0;0;0;7
Torino;2197;92;46;0;0;0;1
Torino;2198;28;5;0;3;0;0
Torino;2199;0;0;0;0;0;0
Torino;2200;704;284;0;1;0;20
Torino;2201;471;189;0;1;1;11
Torino;2202;457;177;0;0;0;12
Torino;2203;5;4;0;2;0;0
Torino;2204;639;138;0;0;0;4
Torino;2205;243;92;1;0;0;5
Torino;2206;351;141;0;0;0;8
Torino;2207;10;0;0;0;0;0
Torino;2208;378;156;0;0;0;15
Torino;2209;656;230;0;1;0;14
Torino;2210;339;117;0;0;0;9
Torino;2211;488;203;0;0;0;4
Torino;2212;347;167;0;0;1;12
Torino;2213;32;3;2;0;0;8
Torino;2214;294;102;0;0;0;6
Torino;2215;263;125;0;1;1;13
Torino;2216;250;96;0;1;1;7
Torino;2217;470;188;2;0;0;16
Torino;2218;376;147;0;0;0;7
Torino;2219;312;127;0;0;0;6
Torino;2220;486;197;0;0;0;8
Torino;2221;185;80;0;0;1;2
Torino;2222;0;0;0;0;0;0
Torino;2223;252;92;0;0;0;2
Torino;2224;445;179;0;0;0;9
Torino;2225;642;268;1;5;0;10
Torino;2226;11;1;1;3;0;0
Torino;2227;0;0;0;0;0;0
Torino;2228;374;126;0;0;0;4
Torino;2229;268;121;0;0;1;5
Torino;2230;63;26;0;1;0;5
Torino;2231;68;24;0;0;0;0
Torino;2233;224;95;1;0;0;3
Torino;2234;0;0;0;0;0;0
Torino;2235;225;109;0;0;1;10
Torino;2236;157;62;0;0;2;3
Torino;2237;376;145;1;1;0;6
Torino;2238;506;217;0;0;2;19
Torino;2239;80;32;0;0;2;3
Torino;2240;264;123;0;0;0;9
Torino;2241;461;202;0;0;0;20
Torino;2242;225;106;0;0;0;2
Torino;2243;0;0;0;0;0;0
Torino;2244;295;110;0;0;0;4
Torino;2245;289;111;2;0;0;4
Torino;2246;203;85;0;0;0;10
Torino;2247;234;103;1;0;1;7
Torino;2248;172;79;0;0;0;5
Torino;2249;235;96;2;0;2;4
Torino;2250;162;65;1;0;1;6
Torino;2251;178;63;0;1;5;2
Torino;2252;262;102;0;1;2;7
Torino;2253;332;134;0;0;0;7
Torino;2254;378;173;0;0;0;5
Torino;2255;12;6;0;0;0;1
Torino;2256;109;34;0;1;0;4
Torino;2257;210;92;0;1;1;6
Torino;2258;2;1;0;1;0;0
Torino;2259;238;38;2;0;0;16
Torino;2260;0;0;0;0;0;0
Torino;2261;171;64;0;0;0;5
Torino;2262;155;72;0;0;2;5
Torino;2263;131;62;0;0;0;6
Torino;2264;364;158;1;0;1;12
Torino;2265;0;0;0;0;0;0
Torino;2266;0;0;0;0;0;0
Torino;2267;422;186;0;0;0;16
Torino;2268;213;82;0;2;0;7
Torino;2269;48;16;0;0;0;2
Torino;2270;0;0;0;0;0;0
Torino;2271;4;0;0;3;0;0
Torino;2272;451;195;1;1;2;18
Torino;2273;700;241;0;0;0;13
Torino;2274;287;117;0;0;0;6
Torino;2275;113;38;0;0;0;3
Torino;2276;191;79;1;1;1;8
Torino;2277;84;32;0;2;0;1
Torino;2278;227;99;1;3;2;11
Torino;2279;329;130;1;0;0;4
Torino;2280;592;226;0;0;0;7
Torino;2281;89;26;0;0;1;2
Torino;2282;371;167;3;1;2;10
Torino;2283;303;118;0;0;1;8
Torino;2284;330;153;1;0;0;17
Torino;2285;0;0;0;0;0;0
Torino;2286;793;336;1;1;5;16
Torino;2287;694;255;2;0;0;8
Torino;2288;737;268;0;0;0;7
Torino;2289;3;0;0;1;0;0
Torino;2290;599;264;1;0;1;19
Torino;2291;180;82;0;7;3;6
Torino;2292;218;90;0;0;0;3
Torino;2293;567;240;2;3;0;7
Torino;2294;335;155;1;0;1;7
Torino;2295;0;0;0;0;0;0
Torino;2296;29;16;3;1;1;0
Torino;2297;572;234;1;1;1;15
Torino;2298;471;197;0;4;0;17
Torino;2299;581;245;1;2;1;16
Torino;2300;454;187;0;0;1;8
Torino;2301;392;154;1;0;3;14
Torino;2302;819;330;0;0;0;13
Torino;2303;5;4;0;2;0;0
Torino;2304;780;310;0;0;2;20
Torino;2305;249;111;2;2;3;6
Torino;2306;951;365;0;0;0;5
Torino;2307;535;214;0;2;0;10
Torino;2308;2;2;1;0;0;0
Torino;2309;300;110;0;1;1;6
Torino;2310;424;149;0;1;6;7
Torino;2311;331;148;0;0;0;8
Torino;2312;137;63;0;2;0;1
Torino;2313;101;49;1;1;1;5
Torino;2314;34;17;0;1;0;1
Torino;2315;114;52;0;2;1;4
Torino;2316;188;84;4;1;0;5
Torino;2317;170;92;1;2;2;5
Torino;2318;193;67;2;1;0;3
Torino;2319;503;197;0;0;0;2
Torino;2320;804;294;1;1;0;15
Torino;2321;316;114;1;1;0;8
Torino;2322;424;198;0;0;0;16
Torino;2323;659;263;0;1;0;10
Torino;2324;411;183;1;0;0;10
Torino;2325;316;138;3;1;0;5
Torino;2326;754;271;0;0;0;2
Torino;2327;922;350;0;0;0;13
Torino;2328;721;272;0;0;0;9
Torino;2329;544;244;1;2;3;14
Torino;2330;244;105;1;0;0;9
Torino;2331;311;124;8;5;5;7
Torino;2332;230;97;0;0;2;10
Torino;2333;860;335;0;1;1;18
Torino;2334;216;100;1;0;0;10
Torino;2335;582;257;0;0;0;12
Torino;2336;177;72;1;0;0;3
Torino;2337;594;227;0;1;0;13
Torino;2338;570;178;0;0;0;7
Torino;2339;645;239;0;0;0;7
Torino;2340;0;0;0;0;0;0
Torino;2341;391;113;0;0;1;5
Torino;2342;565;232;0;0;2;9
Torino;2343;657;239;0;0;0;9
Torino;2344;373;138;2;0;0;7
Torino;2345;437;165;0;0;0;6
Torino;2346;64;28;0;6;0;0
Torino;2347;17;0;0;1;0;0
Torino;2348;423;127;6;0;3;13
Torino;2349;243;69;0;0;0;4
Torino;2350;254;66;0;0;0;7
Torino;2351;244;60;0;0;3;4
Torino;2352;87;36;0;35;0;0
Torino;2353;162;60;0;0;1;2
Torino;2354;0;0;0;0;0;0
Torino;2355;440;222;1;0;1;6
Torino;2356;14;2;1;0;0;0
Torino;2357;329;116;0;0;0;7
Torino;2358;463;164;0;0;0;6
Torino;2359;589;217;1;1;1;12
Torino;2360;336;159;0;0;0;7
Torino;2361;471;172;0;0;0;12
Torino;2362;459;159;0;0;0;5
Torino;2363;407;134;0;0;0;4
Torino;2364;795;326;2;3;3;11
Torino;2365;161;64;3;3;4;6
Torino;2366;171;73;1;1;1;5
Torino;2367;8;5;3;0;0;0
Torino;2368;80;45;0;2;4;0
Torino;2369;554;216;2;5;3;13
Torino;2370;968;372;1;0;0;5
Torino;2371;1124;406;1;0;0;14
Torino;2372;261;108;0;8;0;6
Torino;2373;272;120;2;0;0;4
Torino;2374;523;207;3;2;3;13
Torino;2375;879;350;3;3;1;17
Torino;2376;1653;572;1;0;0;12
Torino;2377;601;260;0;46;25;0
Torino;2378;924;302;0;0;0;8
Torino;2379;569;246;2;0;1;11
Torino;2380;548;221;1;1;0;2
Torino;2381;0;0;0;0;0;0
Torino;2382;322;128;8;8;2;7
Torino;2383;151;60;6;9;4;2
Torino;2384;162;74;0;3;9;4
Torino;2385;630;254;2;1;3;12
Torino;2386;666;301;0;0;0;8
Torino;2387;383;147;0;2;0;6
Torino;2388;429;171;0;0;0;16
Torino;2389;79;27;0;1;1;4
Torino;2390;209;102;1;0;4;6
Torino;2391;237;99;2;4;1;10
Torino;2392;255;99;1;0;4;11
Torino;2393;144;53;1;5;1;5
Torino;2394;212;104;2;4;3;8
Torino;2395;311;125;0;0;0;4
Torino;2396;320;132;1;7;2;13
Torino;2397;337;141;0;1;1;6
Torino;2398;442;191;0;0;1;12
Torino;2399;143;83;0;0;0;1
Torino;2400;318;120;1;10;4;8
Torino;2401;494;172;1;1;1;10
Torino;2402;482;212;2;7;1;12
Torino;2403;679;305;2;3;0;16
Torino;2404;37;15;1;5;0;1
Torino;2405;276;122;3;9;2;12
Torino;2406;1083;466;4;14;4;28
Torino;2407;349;138;6;4;1;8
Torino;2408;833;343;1;1;1;7
Torino;2409;98;36;5;11;2;0
Torino;2410;598;244;4;17;26;6
Torino;2411;162;79;2;3;7;10
Torino;2412;78;33;0;2;9;5
Torino;2413;161;69;0;1;10;9
Torino;2414;182;104;1;0;0;6
Torino;2415;463;202;23;26;15;10
Torino;2416;229;107;3;6;4;11
Torino;2417;168;79;0;7;4;6
Torino;2418;211;90;0;4;4;10
Torino;2419;204;86;0;0;0;9
Torino;2420;0;0;0;0;0;0
Torino;2421;640;277;5;9;3;6
Torino;2422;308;110;0;3;1;4
Torino;2423;401;154;4;3;3;1
Torino;2424;807;220;0;1;0;11
Torino;2425;1937;891;1;0;0;17
Torino;2426;24;16;1;6;2;0
Torino;2427;159;67;0;4;1;2
Torino;2428;764;316;1;5;1;10
Torino;2429;631;277;2;6;7;16
Torino;2430;486;218;11;6;2;5
Torino;2431;4;1;5;0;0;0
Torino;2432;398;176;1;10;0;6
Torino;2433;188;82;0;0;0;1
Torino;2434;183;81;5;8;3;4
Torino;2435;400;164;0;4;2;9
Torino;2436;604;236;3;17;4;10
Torino;2437;2;0;1;0;0;0
Torino;2438;16;7;1;9;0;0
Torino;2439;41;21;0;0;2;1
Torino;2440;0;0;0;0;0;0
Torino;2441;58;25;6;7;2;0
Torino;2442;69;26;9;2;1;1
Torino;2443;15;6;3;2;0;0
Torino;2444;89;29;10;10;2;0
Torino;2445;230;99;3;3;2;3
Torino;2446;137;54;10;9;5;3
Torino;2447;724;194;1;0;0;3
Torino;2448;170;54;0;1;1;1
Torino;2449;187;92;0;1;0;4
Torino;2450;545;182;11;16;4;13
Torino;2451;72;28;6;3;1;2
Torino;2452;1052;372;4;2;0;15
Torino;2453;473;173;0;0;1;2
Torino;2454;226;94;6;3;1;6
Torino;2455;173;74;4;2;1;3
Torino;2456;188;75;1;0;1;4
Torino;2457;249;110;1;0;2;3
Torino;2458;241;92;0;6;2;6
Torino;2459;85;36;0;1;0;1
Torino;2460;700;271;0;1;0;11
Torino;2461;39;13;1;1;1;1
Torino;2462;355;134;2;2;8;9
Torino;2463;354;123;1;5;2;5
Torino;2464;137;65;4;5;10;1
Torino;2465;713;303;7;42;32;21
Torino;2466;14;7;0;2;2;0
Torino;2467;112;51;3;8;2;1
Torino;2468;175;68;9;33;10;0
Torino;2469;488;191;2;28;23;8
Torino;2470;231;102;4;29;11;3
Torino;2471;150;69;4;11;8;1
Torino;2472;0;0;0;0;0;0
Torino;2473;87;46;1;9;3;5
Torino;2474;167;80;7;25;11;7
Torino;2475;17;6;0;1;2;0
Torino;2476;13;6;0;2;1;0
Torino;2477;90;38;0;0;2;3
Torino;2478;78;39;1;2;5;1
Torino;2479;48;19;0;1;4;1
Torino;2480;416;168;6;20;15;17
Torino;2481;245;99;0;1;2;11
Torino;2482;220;93;3;13;7;8
Torino;2483;286;143;2;40;29;4
Torino;2484;273;122;1;25;35;3
Torino;2485;144;79;0;5;1;4
Torino;2486;374;161;3;37;21;10
Torino;2487;149;55;5;13;6;6
Torino;2488;48;21;0;1;3;0
Torino;2489;93;35;1;1;4;0
Torino;2490;73;34;2;7;5;4
Torino;2491;65;28;0;2;4;0
Torino;2492;92;37;0;4;2;2
Torino;2493;296;151;0;6;2;9
Torino;2494;351;145;2;17;9;15
Torino;2495;160;75;0;3;2;10
Torino;2496;141;64;0;2;5;6
Torino;2497;94;38;0;7;5;3
Torino;2498;112;47;0;0;0;7
Torino;2499;258;112;0;0;0;8
Torino;2500;80;30;0;0;0;2
Torino;2501;359;181;3;14;7;3
Torino;2502;10;5;1;3;0;0
Torino;2503;130;49;8;2;2;1
Torino;2504;296;125;4;11;11;0
Torino;2505;0;0;0;0;0;0
Torino;2506;9;4;0;0;1;0
Torino;2507;42;16;0;7;0;0
Torino;2508;243;118;7;5;8;0
Torino;2509;8;6;0;1;0;0
Torino;2510;105;47;0;3;4;4
Torino;2511;141;49;1;10;0;4
Torino;2512;50;16;0;8;0;3
Torino;2513;103;41;0;2;0;2
Torino;2514;108;44;0;6;5;4
Torino;2515;288;143;1;35;18;5
Torino;2516;91;42;2;7;7;1
Torino;2517;234;113;0;3;6;8
Torino;2518;110;42;1;2;6;6
Torino;2519;15;8;0;3;0;1
Torino;2520;247;108;2;36;9;3
Torino;2521;22;11;2;1;0;0
Torino;2522;301;124;12;55;15;0
Torino;2523;11;6;3;1;0;0
Torino;2524;381;176;48;29;10;0
Torino;2525;171;78;4;28;10;0
Torino;2526;213;93;17;36;3;4
Torino;2527;95;45;4;11;10;0
Torino;2528;338;121;22;28;14;1
Torino;2529;490;191;32;30;17;7
Torino;2530;358;137;34;43;7;0
Torino;2531;230;71;3;22;13;1
Torino;2532;75;34;0;8;6;0
Torino;2533;678;198;4;19;24;23
Torino;2534;180;74;3;9;13;5
Torino;2535;181;72;1;13;11;3
Torino;2536;57;15;5;7;2;0
Torino;2537;17;4;1;1;0;0
Torino;2538;49;22;3;8;0;0
Torino;2539;277;6;1;3;0;0
Torino;2540;6;2;0;0;1;0
Torino;2542;15;7;1;2;0;0
Torino;2543;1183;327;0;0;0;20
Torino;2544;261;91;13;18;10;0
Torino;2545;290;125;4;17;10;0
Torino;2546;710;64;24;28;10;1
Torino;2547;0;0;0;0;0;0
Torino;2548;1;0;0;1;0;0
Torino;2549;0;0;0;0;0;0
Torino;2550;401;83;0;0;0;16
Torino;2551;572;170;0;0;0;2
Torino;2552;36;13;2;3;1;1
Torino;2553;209;75;2;3;4;1
Torino;2554;27;9;8;5;0;0
Torino;2555;70;33;0;0;3;3
Torino;2556;258;141;8;9;0;2
Torino;2557;1228;386;6;10;1;6
Torino;2558;372;135;1;0;0;5
Torino;2559;3;0;0;1;0;0
Torino;2560;8;6;0;0;2;0
Torino;2561;293;110;22;36;5;2
Torino;2562;526;186;3;6;0;7
Torino;2563;118;61;13;12;1;1
Torino;2564;201;82;2;37;3;0
Torino;2565;617;196;2;3;0;5
Torino;2566;146;66;8;28;3;0
Torino;2567;157;72;13;15;3;2
Torino;2568;156;67;6;6;7;23
Torino;2569;121;55;9;10;3;1
Torino;2570;1014;359;12;41;9;17
Torino;2571;201;83;1;4;0;3
Torino;2572;307;157;9;7;2;5
Torino;2573;199;69;6;15;3;5
Torino;2574;545;190;44;49;10;6
Torino;2575;563;229;17;68;12;5
Torino;2576;162;70;4;13;10;1
Torino;2577;399;190;9;58;2;8
Torino;2578;379;161;7;39;7;9
Torino;2579;54;19;7;8;1;0
Torino;2580;765;327;37;113;21;2
Torino;2582;185;72;9;49;8;0
Torino;2583;31;13;1;6;1;0
Torino;2584;79;38;9;30;7;0
Torino;2585;35;15;0;0;0;3
Torino;2586;40;18;0;3;0;0
Torino;2587;82;28;3;8;1;0
Torino;2588;34;13;4;2;3;0
Torino;2589;145;66;8;24;2;0
Torino;2590;210;85;17;30;5;0
Torino;2591;193;81;10;31;8;0
Torino;2592;88;38;14;10;1;0
Torino;2593;269;110;17;26;8;0
Torino;2594;111;47;14;20;7;0
Torino;2595;43;17;3;5;2;0
Torino;2596;341;122;11;38;13;1
Torino;2597;548;207;12;56;22;12
Torino;2598;268;114;7;76;4;1
Torino;2599;16;8;0;6;0;0
Torino;2600;777;285;23;98;36;2
Torino;2601;137;59;2;25;12;5
Torino;2602;28;11;0;0;0;0
Torino;2603;26;11;0;1;3;0
Torino;2604;67;21;5;27;0;0
Torino;2605;635;249;2;47;37;30
Torino;2606;178;72;4;46;9;1
Torino;2607;221;101;5;66;9;0
Torino;2608;5;4;0;0;0;0
Torino;2609;21;10;2;1;1;0
Torino;2610;3;1;0;1;0;0
Torino;2611;1;1;1;0;0;0
Torino;2612;104;49;3;25;6;1
Torino;2613;193;87;0;23;24;4
Torino;2614;222;74;12;41;19;7
Torino;2615;223;100;5;25;16;14
Torino;2616;186;78;2;25;16;5
Torino;2617;96;35;3;11;10;4
Torino;2618;68;26;7;8;5;1
Torino;2619;54;10;0;5;1;0
Torino;2620;175;69;1;33;19;0
Torino;2621;310;123;5;59;20;3
Torino;2622;38;16;2;3;1;0
Torino;2623;4;1;1;1;0;0
Torino;2624;3;0;1;0;0;0
Torino;2625;15;7;0;1;3;0
Torino;2626;298;123;11;66;22;0
Torino;2627;46;15;1;14;4;0
Torino;2628;102;43;2;20;10;1
Torino;2629;138;54;3;28;11;1
Torino;2630;528;207;1;0;0;10
Torino;2631;892;343;16;27;6;18
Torino;2632;161;61;0;0;0;0
Torino;2633;22;10;6;0;1;0
Torino;2634;0;0;0;0;0;0
Torino;2635;484;196;0;1;1;6
Torino;2636;771;275;3;6;4;7
Torino;2637;244;75;1;7;0;5
Torino;2638;121;50;0;8;2;3
Torino;2639;192;79;7;3;0;8
Torino;2640;340;145;0;14;0;12
Torino;2641;283;119;3;4;4;8
Torino;2642;444;194;2;5;1;9
Torino;2643;641;272;5;19;0;12
Torino;2644;9;6;0;5;0;0
Torino;2645;139;28;24;3;2;0
Torino;2646;22;6;0;2;0;0
Torino;2647;684;253;0;0;1;5
Torino;2648;24;8;0;4;0;0
Torino;2649;9;5;0;0;1;0
Torino;2650;6;3;1;0;0;0
Torino;2651;328;224;3;1;0;5
Torino;2652;3;2;0;0;1;0
Torino;2653;0;0;0;0;0;0
Torino;2654;459;200;3;0;1;12
Torino;2655;509;207;0;1;0;15
Torino;2656;701;253;0;0;0;9
Torino;2657;403;166;0;0;1;12
Torino;2658;565;201;0;0;0;11
Torino;2659;447;170;0;0;0;14
Torino;2660;630;256;0;1;0;17
Torino;2661;317;133;0;0;0;12
Torino;2662;769;343;0;0;0;13
Torino;2663;116;46;0;0;0;10
Torino;2664;563;214;0;0;4;28
Torino;2665;489;199;0;0;0;15
Torino;2666;174;74;1;0;0;7
Torino;2667;160;66;0;0;0;3
Torino;2668;438;163;0;0;0;4
Torino;2669;183;52;0;1;0;1
Torino;2670;773;286;1;0;0;3
Torino;2671;182;36;0;0;0;2
Torino;2672;197;40;0;0;0;2
Torino;2673;555;151;0;0;0;5
Torino;2674;623;135;0;1;0;5
Torino;2675;1067;393;0;0;0;15
Torino;2676;789;313;1;2;1;13
Torino;2677;832;301;0;0;2;24
Torino;2678;414;134;0;0;0;6
Torino;2679;412;175;0;0;2;11
Torino;2680;701;267;2;0;1;13
Torino;2681;282;126;1;0;1;7
Torino;2682;273;97;0;1;0;7
Torino;2683;284;102;0;0;2;9
Torino;2684;489;121;0;0;0;7
Torino;2685;362;129;0;0;0;6
Torino;2686;786;273;1;3;0;9
Torino;2687;655;184;1;2;1;9
Torino;2688;441;110;3;0;1;4
Torino;2689;333;128;0;0;0;9
Torino;2690;535;191;0;0;0;6
Torino;2691;446;184;0;2;3;13
Torino;2692;580;237;0;0;0;6
Torino;2693;674;246;0;0;1;9
Torino;2694;30;16;0;0;0;1
Torino;2695;44;15;1;0;0;2
Torino;2696;200;82;0;0;0;3
Torino;2697;393;168;1;0;0;8
Torino;2698;298;120;0;0;0;8
Torino;2699;267;108;0;0;0;4
Torino;2700;257;105;0;0;0;9
Torino;2701;226;81;0;0;0;4
Torino;2702;174;69;1;0;0;2
Torino;2703;1010;370;0;0;0;16
Torino;2704;534;179;0;0;3;6
Torino;2705;522;186;0;0;0;6
Torino;2706;405;154;0;0;0;8
Torino;2707;194;88;0;0;0;4
Torino;2708;300;131;0;0;1;8
Torino;2709;256;102;0;0;0;11
Torino;2710;511;180;0;0;0;6
Torino;2711;725;253;0;0;0;7
Torino;2712;642;260;0;0;1;9
Torino;2713;309;107;0;0;0;8
Torino;2714;182;68;0;0;0;3
Torino;2715;523;204;0;0;0;5
Torino;2716;543;228;0;0;0;7
Torino;2717;543;204;0;0;0;3
Torino;2718;573;209;2;1;1;14
Torino;2719;476;174;0;0;0;12
Torino;2720;395;161;0;0;0;5
Torino;2721;865;293;0;0;0;7
Torino;2722;486;168;0;0;0;5
Torino;2723;592;218;1;0;0;3
Torino;2724;264;94;0;0;0;5
Torino;2725;660;245;0;0;0;11
Torino;2726;355;132;1;0;0;5
Torino;2727;955;358;0;0;0;8
Torino;2728;588;216;0;2;1;7
Torino;2729;175;65;0;0;0;1
Torino;2730;1077;378;0;1;2;16
Torino;2731;672;253;0;0;0;7
Torino;2732;1109;436;0;0;0;15
Torino;2733;374;143;0;0;1;3
Torino;2734;697;283;0;3;0;7
Torino;2735;718;308;0;3;1;6
Torino;2736;563;212;0;1;0;6
Torino;2737;618;249;0;1;2;4
Torino;2738;646;271;0;1;2;4
Torino;2739;82;32;0;20;5;0
Torino;2740;718;201;0;0;0;7
Torino;2741;805;238;0;2;0;4
Torino;2742;445;157;0;0;0;6
Torino;2743;220;68;0;0;0;1
Torino;2744;480;204;0;4;4;8
Torino;2745;1500;638;16;7;5;14
Torino;2746;1420;453;0;0;5;45
Torino;2747;317;138;0;0;0;6
Torino;2748;287;120;0;0;1;11
Torino;2749;138;59;3;6;5;3
Torino;2750;371;160;8;17;6;3
Torino;2751;299;129;3;5;3;11
Torino;2752;123;53;0;8;0;3
Torino;2753;949;291;2;3;0;4
Torino;2754;893;308;1;0;0;8
Torino;2755;596;229;0;0;0;15
Torino;2756;759;259;0;1;0;11
Torino;2757;477;187;0;0;0;4
Torino;2758;1037;366;0;2;0;9
Torino;2759;1072;292;0;0;3;9
Torino;2760;723;243;0;0;10;8
Torino;2761;792;287;0;0;0;6
Torino;2762;90;39;2;8;0;2
Torino;2763;289;96;0;0;0;1
Torino;2764;593;195;0;0;0;7
Torino;2765;733;302;0;1;0;7
Torino;2766;716;280;0;0;0;13
Torino;2767;188;71;0;0;0;6
Torino;2768;261;99;0;0;0;4
Torino;2769;509;184;0;0;2;5
Torino;2770;914;258;0;0;0;5
Torino;2771;126;45;8;12;3;1
Torino;2772;103;40;5;12;3;1
Torino;2773;354;144;1;4;5;10
Torino;2774;111;52;2;12;7;2
Torino;2775;190;59;0;0;0;6
Torino;2776;924;431;3;7;3;24
Torino;2777;173;75;2;8;1;9
Torino;2778;1211;506;0;0;1;16
Torino;2779;711;270;0;0;0;6
Torino;2780;720;279;9;12;3;9
Torino;2781;292;110;2;1;1;12
Torino;2782;1060;407;0;1;2;11
Torino;2783;966;379;1;0;0;5
Torino;2784;499;189;0;0;0;7
Torino;2785;729;246;0;0;0;5
Torino;2786;966;344;0;0;0;9
Torino;2787;1078;338;0;0;0;9
Torino;2788;1014;329;0;0;0;5
Torino;2789;12;5;0;0;2;0
Torino;2790;193;73;1;4;0;3
Torino;2791;860;483;0;0;0;6
Torino;2792;56;29;0;0;2;1
Torino;2794;16;8;1;0;1;0
Torino;2795;4;2;1;0;0;0
Torino;2796;186;74;0;0;0;5
Torino;2797;148;51;0;0;1;2
Torino;2798;2;1;1;0;0;0
Torino;2799;218;100;0;1;0;4
Torino;2800;476;134;0;0;0;3
Torino;2801;463;143;0;0;0;2
Torino;2802;326;97;0;0;0;2
Torino;2803;220;100;1;0;0;4
Torino;2804;18;8;0;0;1;0
Torino;2805;167;61;0;0;0;4
Torino;2806;331;117;0;0;0;5
Torino;2807;1;1;0;1;0;0
Torino;2808;402;171;3;10;5;10
Torino;2809;655;255;0;0;0;14
Torino;2810;583;250;0;0;0;9
Torino;2811;433;163;0;0;0;4
Torino;2812;298;148;0;0;0;4
Torino;2813;212;53;0;1;0;2
Torino;2814;572;232;0;0;1;24
Torino;2815;365;131;0;0;0;4
Torino;2816;339;129;0;0;0;6
Torino;2817;635;268;0;0;2;8
Torino;2818;622;221;0;0;0;16
Torino;2819;379;163;0;1;0;7
Torino;2820;142;40;0;0;0;1
Torino;2821;278;128;0;0;0;6
Torino;2822;384;156;0;0;0;10
Torino;2823;114;36;0;0;0;5
Torino;2824;306;86;0;0;0;2
Torino;2825;366;116;0;0;0;7
Torino;2826;313;121;2;0;0;6
Torino;2827;376;147;0;0;0;5
Torino;2828;25;7;0;0;0;0
Torino;2829;158;61;0;0;0;4
Torino;2830;1022;411;1;0;2;18
Torino;2831;4;1;1;0;0;0
Torino;2832;292;93;0;0;0;6
Torino;2833;365;149;1;0;0;12
Torino;2834;368;158;0;1;1;12
Torino;2835;242;98;5;2;2;6
Torino;2836;321;118;0;0;1;5
Torino;2837;10;0;1;0;0;0
Torino;2838;653;210;3;0;0;3
Torino;2839;0;0;1;0;0;0
Torino;2840;470;170;0;0;0;6
Torino;2841;560;181;0;0;0;7
Torino;2842;44;22;8;3;0;2
Torino;2843;111;52;2;5;2;1
Torino;2844;23;7;4;2;0;0
Torino;2845;12;5;0;2;0;0
Torino;2846;343;142;0;1;0;3
Torino;2847;13;2;1;1;1;0
Torino;2848;19;10;2;2;0;1
Torino;2849;155;72;0;0;0;2
Torino;2850;921;214;0;0;0;8
Torino;2851;38;16;4;2;2;0
Torino;2852;1;0;1;0;0;0
Torino;2853;6;3;0;1;0;0
Torino;2854;165;67;0;1;0;3
Torino;2855;145;57;0;0;0;1
Torino;2856;129;51;0;0;0;1
Torino;2857;112;45;2;2;0;2
Torino;2858;583;216;0;0;0;6
Torino;2859;78;34;1;4;1;1
Torino;2860;340;137;0;1;1;6
Torino;2861;421;165;0;5;1;11
Torino;2862;292;86;0;1;0;3
Torino;2863;346;130;1;0;1;5
Torino;2864;661;196;0;1;0;8
Torino;2865;14;1;0;1;0;0
Torino;2866;528;149;0;1;0;5
Torino;2867;433;179;1;1;0;8
Torino;2868;173;62;0;0;0;2
Torino;2869;70;27;0;0;0;3
Torino;2870;199;75;0;0;0;5
Torino;2871;264;119;5;8;3;6
Torino;2872;809;323;5;1;0;10
Torino;2873;163;73;1;0;0;3
Torino;2874;184;84;0;1;0;6
Torino;2875;208;84;0;1;1;5
Torino;2876;124;47;0;1;0;3
Torino;2877;299;93;0;0;0;7
Torino;2878;2;1;0;1;0;0
Torino;2879;273;113;0;0;0;2
Torino;2880;418;161;0;0;0;4
Torino;2881;367;152;0;0;0;3
Torino;2882;408;143;0;0;0;3
Torino;2883;414;146;0;0;0;3
Torino;2884;0;0;0;0;0;0
Torino;2885;2;2;0;1;0;0
Torino;2886;87;44;0;1;0;2
Torino;2887;135;48;2;0;2;2
Torino;2888;311;85;0;0;0;6
Torino;2889;349;121;0;0;0;6
Torino;2890;70;41;0;0;1;3
Torino;2891;761;254;0;0;0;2
Torino;2892;492;191;0;0;0;12
Torino;2893;134;55;0;0;1;0
Torino;2894;140;51;0;0;0;4
Torino;2895;851;294;0;0;0;4
Torino;2896;189;72;0;0;0;3
Torino;2897;0;0;0;0;0;0
Torino;2898;509;178;0;0;0;2
Torino;2899;298;135;0;0;0;9
Torino;2900;278;86;0;0;0;4
Torino;2901;5;2;0;2;0;0
Torino;2902;375;148;1;1;0;9
Torino;2903;565;195;0;0;0;5
Torino;2904;2;2;0;0;0;0
Torino;2905;262;108;0;0;0;5
Torino;2906;215;90;0;0;0;7
Torino;2907;362;145;0;0;0;11
Torino;2908;158;63;0;0;0;2
Torino;2909;292;110;0;0;0;9
Torino;2910;471;180;3;0;1;5
Torino;2911;497;212;0;0;2;10
Torino;2912;253;96;0;0;0;4
Torino;2913;861;288;0;0;0;4
Torino;2914;718;310;2;1;1;19
Torino;2915;521;161;0;0;0;2
Torino;2916;280;94;0;0;0;6
Torino;2917;297;117;0;0;0;6
Torino;2918;169;67;0;0;0;4
Torino;2919;457;177;0;0;0;5
Torino;2920;367;166;0;1;0;13
Torino;2921;342;87;0;0;0;6
Torino;2922;378;137;0;0;0;4
Torino;2923;141;48;0;0;0;2
Torino;2924;615;198;0;0;0;26
Torino;2925;450;177;0;0;0;9
Torino;2926;568;218;4;0;0;13
Torino;2927;0;0;0;0;0;0
Torino;2928;244;88;0;0;0;3
Torino;2929;7;4;0;0;0;1
Torino;2930;2;1;0;1;0;0
Torino;2931;259;108;0;0;0;2
Torino;2932;263;94;0;0;0;1
Torino;2933;547;217;1;0;0;10
Torino;2934;13;5;3;0;2;0
Torino;2935;400;152;0;0;0;6
Torino;2936;95;32;0;1;1;2
Torino;2937;257;109;1;4;0;6
Torino;2938;0;0;0;0;0;0
Torino;2939;191;80;0;4;0;2
Torino;2940;90;46;0;5;1;2
Torino;2941;0;0;0;0;0;0
Torino;2942;441;192;0;1;1;11
Torino;2943;448;157;0;0;0;5
Torino;2944;0;0;0;0;0;0
Torino;2945;105;53;0;0;0;2
Torino;2946;663;220;0;0;0;2
Torino;2947;544;211;0;0;0;6
Torino;2948;231;93;2;1;0;4
Torino;2949;600;238;1;2;4;10
Torino;2950;172;73;0;0;0;3
Torino;2951;339;135;0;1;1;10
Torino;2952;206;69;0;0;0;3
Torino;2953;378;143;0;0;0;3
Torino;2954;392;119;0;0;0;7
Torino;2955;282;96;0;0;0;5
Torino;2956;2;1;0;1;0;0
Torino;2957;2;0;0;0;0;0
Torino;2958;1;1;1;0;0;0
Torino;2959;453;118;0;0;0;7
Torino;2960;195;76;1;0;0;3
Torino;2961;327;116;0;0;0;4
Torino;2962;523;202;0;0;0;6
Torino;2963;402;166;0;0;0;8
Torino;2964;394;141;0;0;0;3
Torino;2965;185;80;1;0;0;5
Torino;2966;393;142;0;0;0;11
Torino;2967;0;0;0;0;0;0
Torino;2968;337;127;0;0;0;4
Torino;2969;0;0;0;0;0;0
Torino;2970;328;145;1;0;0;9
Torino;2971;2;1;1;0;0;0
Torino;2973;643;284;0;0;3;7
Torino;2974;277;106;1;0;2;5
Torino;2975;309;104;0;0;0;6
Torino;2976;63;28;0;1;1;1
Torino;2977;3;2;1;0;0;0
Torino;2978;105;42;1;1;0;3
Torino;2979;768;329;0;1;1;21
Torino;2980;407;170;0;3;1;17
Torino;2981;38;22;0;0;2;0
Torino;2982;507;152;0;0;0;10
Torino;2983;531;193;0;0;0;10
Torino;2984;488;170;0;0;0;10
Torino;2985;5;3;1;0;0;0
Torino;2986;1301;441;0;0;0;12
Torino;2987;265;100;0;0;1;3
Torino;2988;84;34;0;18;5;0
Torino;2989;52;21;0;8;14;0
Torino;2990;69;30;0;9;9;2
Torino;2991;78;33;1;11;6;0
Torino;2992;73;24;1;21;1;0
Torino;2993;416;129;0;0;0;3
Torino;2994;49;21;6;6;0;0
Torino;2995;3;1;0;1;0;0
Torino;2996;317;91;0;0;0;4
Torino;2997;553;164;0;0;0;2
Torino;2998;328;135;0;0;0;3
Torino;2999;1276;437;0;0;1;22
Torino;3000;198;71;0;0;0;4
Torino;3001;10;2;0;1;0;0
Torino;3002;95;40;0;4;0;3
Torino;3003;339;145;2;3;2;4
Torino;3004;211;64;0;0;0;1
Torino;3005;62;30;0;1;3;2
Torino;3006;283;128;0;6;2;9
Torino;3007;255;105;0;5;1;6
Torino;3008;400;190;1;3;2;14
Torino;3009;299;122;1;3;2;14
Torino;3010;95;25;0;0;0;3
Torino;3011;184;31;0;0;0;6
Torino;3012;213;61;0;0;0;8
Torino;3013;142;47;0;0;0;6
Torino;3014;48;15;0;5;0;0
Torino;3015;178;68;0;0;0;7
Torino;3016;3;1;1;0;0;0
Torino;3017;208;87;0;2;3;7
Torino;3018;186;59;1;8;1;7
Torino;3019;427;185;1;7;0;7
Torino;3020;176;69;0;11;2;7
Torino;3021;541;234;1;3;0;12
Torino;3022;751;206;3;0;0;6
Torino;3023;1109;357;1;1;0;4
Torino;3024;489;160;0;1;2;24
Torino;3025;616;204;0;0;1;20
Torino;3026;24;11;2;0;0;0
Torino;3027;4;2;1;0;0;0
Torino;3028;797;256;0;0;0;5
Torino;3029;217;86;0;1;1;6
Torino;3030;507;159;1;1;1;6
Torino;3031;253;95;0;0;0;1
Torino;3032;0;0;0;0;0;0
Torino;3033;284;129;0;0;0;4
Torino;3034;243;107;0;0;0;0
Torino;3035;164;73;1;0;0;5
Torino;3036;105;37;7;9;1;0
Torino;3037;23;10;1;0;4;0
Torino;3038;91;30;2;6;9;3
Torino;3039;107;49;2;1;7;8
Torino;3040;71;28;1;0;3;3
Torino;3041;704;199;2;1;0;10
Torino;3042;1147;305;0;0;0;18
Torino;3043;152;57;27;11;2;0
Torino;3044;106;43;16;12;2;0
Torino;3045;498;209;2;5;2;12
Torino;3046;339;136;1;1;1;7
Torino;3047;131;61;0;2;2;3
Torino;3048;51;29;1;9;2;0
Torino;3049;97;45;7;4;0;2
Torino;3050;289;108;0;0;0;10
Torino;3051;158;68;3;3;0;6
Torino;3052;302;129;1;8;0;8
Torino;3053;268;100;0;0;0;11
Torino;3054;584;200;0;0;0;3
Torino;3055;142;59;3;4;3;5
Torino;3056;145;53;1;5;4;3
Torino;3057;102;47;2;2;2;1
Torino;3058;777;240;5;16;5;12
Torino;3059;486;201;2;2;2;10
Torino;3060;80;19;0;0;2;1
Torino;3061;95;53;0;3;3;0
Torino;3062;90;35;0;11;2;0
Torino;3063;300;120;0;0;0;5
Torino;3064;172;77;10;2;0;3
Torino;3065;42;17;3;12;1;0
Torino;3066;259;148;0;3;1;4
Torino;3067;786;233;0;0;0;10
Torino;3068;1159;357;0;1;2;14
Torino;3069;1138;280;0;0;0;14
Torino;3070;210;61;0;0;0;3
Torino;3071;452;112;0;0;0;5
Torino;3072;620;269;1;0;0;6
Torino;3073;0;0;0;0;0;0
Torino;3074;679;158;4;3;0;14
Torino;3075;18;9;0;2;1;0
Torino;3076;222;98;0;1;0;9
Torino;3077;247;120;0;0;0;3
Torino;3078;236;94;0;0;0;5
Torino;3079;200;95;0;4;0;6
Torino;3080;57;26;0;0;1;2
Torino;3081;70;21;2;3;0;0
Torino;3082;22;11;0;1;1;2
Torino;3083;42;17;1;0;0;1
Torino;3084;200;88;3;0;1;3
Torino;3087;0;0;0;0;0;0
Torino;3089;36;20;0;0;1;0
Torino;3090;2;1;0;1;0;0
Torino;3091;10;2;0;0;1;0
Torino;3092;27;13;1;1;0;0
Torino;3093;8;2;1;2;0;0
Torino;3094;79;35;5;10;5;0
Torino;3095;0;0;0;0;0;0
Torino;3096;40;15;0;0;2;0
Torino;3097;18;8;1;1;0;0
Torino;3098;175;74;2;1;1;1
Torino;3100;0;0;0;0;0;0
Torino;3106;0;0;0;0;0;0
Torino;3107;139;49;0;0;0;7
Torino;3108;33;19;0;0;1;1
Torino;3109;65;36;0;0;0;2
Torino;3110;38;24;0;0;0;1
Torino;3111;78;46;0;0;0;4
Torino;3112;20;11;0;0;0;1
Torino;3113;15;3;0;0;0;1
Torino;3114;48;26;0;0;0;3
Torino;3115;95;33;0;0;1;5
Torino;3116;14;9;0;0;0;1
Torino;3117;47;22;0;0;0;2
Torino;3119;31;11;0;0;0;1
Torino;3120;43;28;0;0;0;1
Torino;3121;28;13;0;0;2;0
Torino;3122;26;14;0;0;0;1
Torino;3123;42;22;0;0;0;2
Torino;3124;23;12;0;0;0;1
Torino;3125;9;5;0;0;0;1
Torino;3126;12;10;0;0;2;0
Torino;3127;0;0;0;0;0;0
Torino;3128;0;0;0;0;0;0
Torino;3129;3;2;0;0;0;1
Torino;3130;72;31;0;0;0;3
Torino;3131;97;43;0;0;0;2
Torino;3132;66;33;0;1;1;1
Torino;3133;33;16;0;0;0;2
Torino;3134;30;13;0;0;0;1
Torino;3135;0;0;0;0;0;0
Torino;3136;37;18;0;0;0;1
Torino;3137;218;72;0;0;0;8
Torino;3138;99;56;1;0;0;3
Torino;3139;62;39;0;0;0;1
Torino;3140;114;33;0;0;0;1
Torino;3141;89;40;0;0;0;1
Torino;3142;70;28;0;0;0;1
Torino;3143;25;14;0;0;0;3
Torino;3144;142;74;0;0;0;6
Torino;3145;85;41;0;1;0;4
Torino;3146;37;16;0;0;0;1
Torino;3147;59;34;0;0;1;1
Torino;3148;56;33;0;1;1;2
Torino;3149;43;21;0;0;0;1
Torino;3150;37;18;0;0;0;1
Torino;3151;0;0;0;0;0;0
Torino;3152;4;1;0;0;1;0
Torino;3153;4;4;1;0;0;0
Torino;3154;27;12;0;0;0;2
Torino;3155;0;0;0;0;0;0
Torino;3156;68;31;0;0;2;1
Torino;3157;37;15;0;0;0;1
Torino;3158;23;11;0;0;0;1
Torino;3159;31;14;0;0;0;3
Torino;3160;66;26;0;0;0;2
Torino;3161;81;50;0;0;0;2
Torino;3162;56;23;0;0;0;2
Torino;3163;78;30;2;3;2;2
Torino;3164;78;36;0;0;1;2
Torino;3165;0;0;0;0;0;0
Torino;3166;95;11;0;0;0;0
Torino;3167;73;37;0;0;0;3
Torino;3168;0;0;0;0;0;0
Torino;3169;122;65;0;0;0;3
Torino;3170;0;0;0;0;0;0
Torino;3171;97;36;0;0;0;5
Torino;3172;74;45;0;0;2;2
Torino;3173;30;12;0;1;1;1
Torino;3174;96;46;0;4;3;7
Torino;3175;21;9;0;2;2;0
Torino;3176;12;5;0;1;0;0
Torino;3177;31;16;0;2;2;0
Torino;3178;61;29;0;2;1;4
Torino;3179;136;46;0;7;3;6
Torino;3180;49;24;1;6;5;0
Torino;3181;20;11;0;2;0;2
Torino;3182;38;15;0;7;3;0
Torino;3183;52;34;0;2;6;1
Torino;3184;70;25;2;2;2;4
Torino;3185;93;39;0;1;2;3
Torino;3186;41;20;0;0;3;3
Torino;3187;82;36;0;1;0;7
Torino;3188;39;17;0;1;2;2
Torino;3189;31;13;1;1;0;2
Torino;3190;61;25;0;0;0;3
Torino;3191;42;18;0;1;0;2
Torino;3192;49;22;0;0;0;2
Torino;3193;54;26;0;0;0;3
Torino;3194;23;8;0;0;0;2
Torino;3195;16;6;0;0;3;0
Torino;3196;31;12;0;0;0;2
Torino;3197;101;53;0;0;1;8
Torino;3198;75;40;0;0;1;5
Torino;3199;213;90;0;0;0;4
Torino;3200;158;67;0;0;0;4
Torino;3201;25;17;0;0;0;2
Torino;3202;0;0;0;0;0;0
Torino;3203;87;44;0;0;0;4
Torino;3204;26;10;0;0;0;3
Torino;3205;40;21;0;0;0;3
Torino;3206;83;32;0;1;9;3
Torino;3207;139;61;0;1;0;5
Torino;3208;291;110;0;0;0;7
Torino;3209;200;76;0;0;0;7
Torino;3210;0;0;0;0;1;0
Torino;3211;46;22;0;1;3;2
Torino;3212;57;29;0;3;4;0
Torino;3213;5;4;1;0;0;0
Torino;3214;21;7;0;0;2;0
Torino;3215;17;8;0;0;3;0
Torino;3216;84;42;0;0;0;5
Torino;3217;213;96;0;0;1;8
Torino;3218;152;69;0;0;1;4
Torino;3219;10;5;0;0;1;0
Torino;3220;8;4;0;0;1;1
Torino;3221;17;4;0;1;1;0
Torino;3222;160;64;0;0;0;3
Torino;3223;109;44;0;0;0;3
Torino;3224;2;2;0;0;0;1
Torino;3225;37;16;0;0;0;0
Torino;3226;0;0;0;0;0;0
Torino;3227;88;37;0;0;0;2
Torino;3228;104;47;0;0;0;3
Torino;3229;19;5;0;1;2;0
Torino;3230;76;33;0;1;0;6
Torino;3231;49;26;0;0;0;1
Torino;3232;0;0;0;0;0;0
Torino;3233;0;0;0;0;0;0
Torino;3234;80;44;0;0;0;2
Torino;3235;0;0;0;0;0;0
Torino;3236;33;13;0;0;0;1
Torino;3237;0;0;0;0;0;0
Torino;3238;261;129;1;0;0;7
Torino;3239;1;1;0;1;1;0
Torino;3240;138;53;0;0;0;3
Torino;3242;67;26;0;2;0;1
Torino;3243;121;54;0;2;2;3
Torino;3244;0;0;0;0;0;0
Torino;3245;0;0;0;0;0;0
Torino;3246;149;43;0;0;0;0
Torino;3247;178;55;0;0;0;2
Torino;3248;238;91;0;1;0;5
Torino;3249;53;29;0;0;0;3
Torino;3250;495;190;0;0;0;5
Torino;3251;16;6;0;1;0;0
Torino;3252;142;51;0;0;0;1
Torino;3253;103;40;0;0;0;1
Torino;3254;367;137;0;0;0;4
Torino;3255;73;30;0;0;0;1
Torino;3256;114;53;0;0;0;3
Torino;3257;50;24;1;0;0;3
Torino;3258;231;94;0;0;1;5
Torino;3259;104;44;0;0;0;4
Torino;3260;158;72;0;0;0;4
Torino;3261;183;68;0;0;1;3
Torino;3262;8;5;0;3;0;0
Torino;3263;6;3;0;0;1;0
Torino;3264;92;39;2;2;0;2
Torino;3265;41;21;0;1;4;1
Torino;3266;31;15;0;2;2;1
Torino;3267;28;16;0;0;0;2
Torino;3268;54;23;0;1;0;1
Torino;3269;13;3;0;0;0;1
Torino;3270;65;32;0;2;4;0
Torino;3271;67;35;0;0;1;3
Torino;3272;79;30;0;4;4;0
Torino;3273;69;28;0;0;1;1
Torino;3274;95;41;0;3;0;4
Torino;3275;43;16;0;0;0;1
Torino;3276;253;106;0;2;1;2
Torino;3277;141;65;0;0;4;2
Torino;3278;194;76;1;3;16;6
Torino;3279;78;39;0;1;6;2
Torino;3280;49;20;0;2;3;3
Torino;3281;200;96;0;1;0;7
Torino;3282;182;74;0;0;0;7
Torino;3283;93;43;0;0;1;4
Torino;3284;38;13;0;0;3;4
Torino;3285;224;113;0;2;1;8
Torino;3286;83;40;0;3;0;4
Torino;3287;127;38;0;0;0;4
Torino;3288;138;54;0;0;0;1
Torino;3289;94;45;1;1;0;6
Torino;3290;119;51;0;0;0;2
Torino;3291;22;10;0;0;0;1
Torino;3292;378;143;0;0;0;15
Torino;3293;1;0;0;0;0;1
Torino;3294;71;21;0;0;0;3
Torino;3295;51;17;0;0;1;2
Torino;3296;0;0;0;0;0;0
Torino;3297;82;24;1;1;0;3
Torino;3298;0;0;0;0;0;0
Torino;3299;0;0;0;0;0;0
Torino;3300;194;91;0;1;0;9
Torino;3301;155;58;0;7;2;5
Torino;3302;256;121;0;2;0;7
Torino;3304;17;3;0;0;4;0
Torino;3305;222;79;0;1;2;5
Torino;3306;99;41;0;5;1;6
Torino;3307;3;2;1;0;0;0
Torino;3308;191;60;0;0;0;3
Torino;3309;141;34;0;0;1;1
Torino;3310;1;1;1;0;0;0
Torino;3311;0;0;0;0;0;0
Torino;3312;90;46;0;0;0;2
Torino;3313;25;8;0;0;1;2
Torino;3314;4;3;0;1;0;0
Torino;3315;15;9;0;4;1;1
Torino;3316;23;9;0;0;1;0
Torino;3317;19;6;0;0;0;1
Torino;3318;79;36;4;0;2;2
Torino;3319;174;62;0;0;1;6
Torino;3320;132;43;0;1;0;2
Torino;3321;188;63;2;0;1;6
Torino;3322;7;5;0;3;0;0
Torino;3323;1;1;0;1;0;0
Torino;3324;0;0;0;0;0;0
Torino;3325;337;118;0;0;0;7
Torino;3327;88;38;0;1;3;2
Torino;3328;58;26;2;2;1;1
Torino;3329;666;243;0;0;0;42
Torino;3330;124;41;0;2;0;2
Torino;3331;69;31;0;0;0;0
Torino;3332;267;107;4;8;6;6
Torino;3333;572;236;3;8;3;7
Torino;3334;273;116;0;1;3;6
Torino;3335;167;62;0;0;2;5
Torino;3336;21;10;0;0;2;0
Torino;3337;89;41;0;2;1;3
Torino;3338;143;62;0;1;1;5
Torino;3339;0;0;0;0;0;0
Torino;3340;2;0;0;1;0;0
Torino;3342;117;55;1;0;0;5
Torino;3343;12;8;0;1;1;0
Torino;3344;90;37;7;2;2;2
Torino;3345;0;0;0;0;0;0
Torino;3346;14;8;0;1;0;0
Torino;3347;1;1;1;0;0;0
Torino;3348;0;0;0;0;0;0
Torino;3349;0;0;0;0;0;0
Torino;3350;0;0;0;0;0;0
Torino;3351;451;154;0;0;0;5
Torino;3352;107;51;1;3;2;5
Torino;3353;0;0;0;0;0;0
Torino;3354;111;43;0;4;0;2
Torino;3355;348;145;0;0;0;3
Torino;3356;1;0;0;1;0;0
Torino;3357;1;1;0;1;1;0
Torino;3358;33;16;0;1;1;1
Torino;3359;6;1;0;2;0;0
Torino;3360;25;13;0;3;0;1
Torino;3361;129;62;2;1;2;5
Torino;3362;351;154;0;0;0;8
Torino;3363;191;75;0;1;0;7
Torino;3364;106;39;1;3;2;2
Torino;3365;27;11;0;1;1;0
Torino;3366;35;13;0;2;0;1
Torino;3367;161;66;0;2;0;3
Torino;3368;13;3;0;0;0;0
Torino;3369;36;13;0;3;0;1
Torino;3370;75;35;0;1;0;1
Torino;3371;62;28;1;2;2;1
Torino;3372;212;100;0;1;2;6
Torino;3373;290;117;0;1;0;7
Torino;3374;10;2;1;1;1;0
Torino;3375;62;24;3;4;3;1
Torino;3376;173;79;2;4;0;3
Torino;3377;7;0;0;2;0;0
Torino;3378;3;1;1;0;0;0
Torino;3379;356;134;0;0;0;6
Torino;3380;204;78;0;1;1;5
Torino;3381;51;25;0;1;2;3
Torino;3382;50;25;0;1;1;1
Torino;3383;118;50;2;5;2;2
Torino;3384;3;0;3;0;0;0
Torino;3385;10;4;1;1;1;0
Torino;3386;42;14;4;5;2;0
Torino;3387;157;69;4;3;2;1
Torino;3388;195;62;0;0;0;1
Torino;3390;206;79;0;0;1;4
Torino;3391;225;89;1;4;1;7
Torino;3392;228;110;4;9;6;6
Torino;3393;238;92;1;4;2;4
Torino;3394;14;6;0;2;0;0
Torino;3395;165;58;0;2;0;2
Torino;3396;285;121;3;2;2;7
Torino;3397;245;97;1;1;2;7
Torino;3398;56;23;0;2;2;2
Torino;3399;148;63;3;3;3;4
Torino;3400;327;140;1;1;7;7
Torino;3401;48;23;1;0;0;2
Torino;3402;56;27;3;2;0;1
Torino;3403;0;0;0;0;0;0
Torino;3404;372;153;0;0;0;17
Torino;3405;157;66;0;0;3;4
Torino;3406;137;75;0;0;0;2
Torino;3407;203;68;0;1;0;2
Torino;3408;270;114;1;0;0;8
Torino;3409;244;105;0;4;0;8
Torino;3410;203;93;0;3;0;8
Torino;3411;261;106;0;1;0;6
Torino;3412;69;34;0;0;0;2
Torino;3413;22;9;0;0;2;1
Torino;3414;114;37;0;0;0;1
Torino;3415;159;60;0;1;0;4
Torino;3416;383;150;0;0;0;9
Torino;3417;163;70;1;3;1;7
Torino;3418;468;203;0;0;0;5
Torino;3419;269;96;0;0;0;3
Torino;3420;48;22;0;1;1;3
Torino;3421;313;119;1;0;0;3
Torino;3422;0;0;0;0;0;0
Torino;3423;195;86;0;0;0;2
Torino;3424;120;41;0;0;0;4
Torino;3425;321;163;0;0;0;3
Torino;3426;304;136;1;4;0;10
Torino;3427;296;116;0;0;0;1
Torino;3428;4;2;1;0;0;0
Torino;3429;298;79;0;0;0;1
Torino;3430;124;58;0;0;0;4
Torino;3431;194;81;0;0;0;3
Torino;3432;0;0;0;0;0;0
Torino;3433;298;138;1;1;3;8
Torino;3434;361;155;0;0;0;2
Torino;3435;312;148;0;1;1;10
Torino;3436;218;72;0;0;0;5
Torino;3437;114;57;0;2;5;3
Torino;3438;0;0;0;0;0;0
Torino;3439;34;6;1;0;0;1
Torino;3440;296;140;0;0;0;7
Torino;3441;370;167;0;0;0;5
Torino;3442;100;46;0;0;0;1
Torino;3443;75;21;0;0;0;0
Torino;3444;273;117;0;0;0;6
Torino;3445;246;109;0;0;2;7
Torino;3446;529;208;0;0;0;7
Torino;3447;430;195;0;0;0;10
Torino;3448;390;145;1;0;0;8
Torino;3449;342;134;0;0;0;8
Torino;3450;192;93;0;0;0;4
Torino;3451;169;69;0;0;0;3
Torino;3452;0;0;0;0;0;0
Torino;3453;336;111;0;0;0;4
Torino;3454;61;24;0;0;0;2
Torino;3455;148;71;0;0;0;7
Torino;3456;218;84;0;0;0;5
Torino;3457;326;108;0;1;0;2
Torino;3458;187;79;0;0;0;3
Torino;3459;0;0;0;0;0;0
Torino;3460;0;0;0;0;0;0
Torino;3461;0;0;0;0;0;0
Torino;3462;72;32;1;0;0;2
Torino;3463;89;34;1;0;0;2
Torino;3464;5;2;0;1;0;0
Torino;3466;590;248;0;0;0;17
Torino;3467;141;47;0;0;1;4
Torino;3468;219;101;0;0;0;4
Torino;3469;66;36;0;0;0;1
Torino;3470;184;91;0;0;2;3
Torino;3471;157;68;0;0;0;4
Torino;3472;377;151;0;0;0;7
Torino;3473;21;10;0;0;1;1
Torino;3474;25;8;0;3;0;1
Torino;3475;2;2;0;1;0;0
Torino;3476;174;79;0;0;0;2
Torino;3477;341;135;2;1;0;11
Torino;3478;160;70;5;3;1;3
Torino;3479;356;140;0;1;1;8
Torino;3480;355;150;0;0;3;9
Torino;3481;255;125;0;4;1;7
Torino;3482;108;50;1;1;0;2
Torino;3483;193;57;0;0;0;3
Torino;3484;21;4;0;6;0;0
Torino;3485;2;2;1;0;0;0
Torino;3486;237;75;0;0;0;4
Torino;3487;369;156;0;0;0;5
Torino;3489;428;139;0;0;0;4
Torino;3490;257;101;0;0;0;4
Torino;3491;302;137;0;0;0;5
Torino;3492;161;54;0;0;0;2
Torino;3493;184;77;0;0;0;1
Torino;3494;221;75;0;0;1;4
Torino;3495;5;1;0;2;0;0
Torino;3496;91;45;0;1;1;2
Torino;3497;1;1;1;0;0;0
Torino;3498;5;3;1;1;0;0
Torino;3499;155;63;2;2;1;5
Torino;3500;218;82;7;12;1;1
Torino;3501;495;206;1;4;0;10
Torino;3502;131;54;0;0;6;5
Torino;3503;5;2;1;0;0;0
Torino;3504;207;77;1;0;2;8
Torino;3505;210;91;1;4;2;8
Torino;3507;1;0;0;0;0;0
Torino;3508;102;34;0;0;3;2
Torino;3509;150;77;3;2;0;3
Torino;3510;170;68;1;0;0;3
Torino;3511;4;3;0;1;0;0
Torino;3512;68;35;2;1;0;1
Torino;3513;88;32;3;6;2;3
Torino;3514;65;26;0;1;0;4
Torino;3515;95;50;0;0;0;1
Torino;3516;184;79;0;1;1;6
Torino;3517;72;41;0;0;0;9
Torino;3518;87;33;2;12;3;1
Torino;3519;20;9;2;3;1;0
Torino;3520;122;47;11;10;2;1
Torino;3521;161;73;0;2;0;5
Torino;3522;84;31;8;9;2;2
Torino;3523;331;135;1;6;3;9
Torino;3524;0;0;0;0;0;0
Torino;3525;281;115;0;0;0;3
Torino;3526;88;42;0;0;0;3
Torino;3527;161;68;2;4;0;5
Torino;3528;54;25;0;1;0;0
Torino;3529;30;8;0;3;0;1
Torino;3530;200;93;4;4;5;4
Torino;3531;1;1;1;0;0;0
Torino;3532;278;116;0;4;3;5
Torino;3533;126;58;2;6;1;4
Torino;3534;69;41;1;1;0;1
Torino;3535;132;58;0;2;2;2
Torino;3536;80;34;7;3;0;0
Torino;3537;31;12;0;0;1;1
Torino;3538;361;77;0;0;1;14
Torino;3539;256;105;1;4;3;6
Torino;3540;63;27;1;2;1;1
Torino;3541;216;99;1;0;0;6
Torino;3542;3;1;1;0;0;0
Torino;3543;19;11;0;2;0;0
Torino;3544;0;0;0;0;0;0
Torino;3545;15;8;0;2;1;0
Torino;3546;116;48;8;6;1;4
Torino;3547;42;14;3;6;0;0
Torino;3548;35;18;0;1;2;0
Torino;3549;140;73;0;0;0;3
Torino;3550;8;3;2;1;0;0
Torino;3551;240;94;0;0;0;1
Torino;3552;148;62;1;4;0;6
Torino;3553;212;80;0;0;0;2
Torino;3554;400;154;0;2;0;6
Torino;3555;94;30;0;0;0;2
Torino;3556;188;58;1;0;2;2
Torino;3557;36;9;1;0;0;1
Torino;3558;4;4;0;2;0;0
Torino;3559;9;4;0;0;2;0
Torino;3560;1;1;0;1;0;0
Torino;3561;10;3;2;2;0;0
Torino;3563;201;88;3;9;6;6
Torino;3564;89;38;1;4;6;4
Torino;3565;76;28;4;3;2;0
Torino;3566;16;6;0;0;2;0
Torino;3567;12;5;1;0;0;1
Torino;3568;94;23;0;0;1;0
Torino;3569;131;46;0;2;5;0
Torino;3570;93;32;1;0;0;3
Torino;3571;10;5;2;1;0;0
Torino;3572;57;30;0;2;3;3
Torino;3573;16;12;0;2;1;0
Torino;3574;69;30;1;3;2;2
Torino;3575;157;64;3;3;0;1
Torino;3576;219;110;2;1;0;2
Torino;3577;3;3;0;2;0;0
Torino;3578;6;2;1;2;0;0
Torino;3579;931;375;8;51;7;11
Torino;3580;142;55;2;8;2;5
Torino;3581;87;26;3;16;5;0
Torino;3582;118;53;1;17;5;0
Torino;3583;19;5;0;2;1;0
Torino;3584;21;10;1;5;0;0
Torino;3585;348;108;4;28;3;4
Torino;3586;134;52;2;0;1;4
Torino;3587;24;9;0;2;0;0
Torino;3588;7;3;1;1;0;0
Torino;3589;68;22;1;8;5;3
Torino;3590;418;197;13;24;6;4
Torino;3591;128;56;7;16;5;3
Torino;3592;14;5;3;1;1;0
Torino;3593;204;96;0;0;0;4
Torino;3594;292;112;6;5;0;3
Torino;3595;219;96;7;4;5;3
Torino;3596;175;82;3;5;1;7
Torino;3597;210;77;5;5;7;3
Torino;3599;0;0;1;0;0;0
Torino;3600;0;0;1;0;0;0
Torino;3601;1;0;0;0;0;0
Torino;3602;106;43;0;0;0;9
Torino;3603;131;49;0;0;0;9
Torino;3604;142;63;0;0;0;3
Torino;3605;390;98;0;0;0;3
Torino;3606;190;43;0;0;0;2
Torino;3607;190;35;0;0;0;2
Torino;3608;209;59;0;0;0;2
Torino;3609;183;52;0;0;0;2
Torino;3610;0;0;0;0;0;0
Torino;3611;193;69;0;2;0;6
Torino;3612;211;74;0;0;0;3
Torino;3613;6;1;1;0;0;0
Torino;3614;204;79;0;0;1;2
Torino;3615;185;75;0;1;0;3
Torino;3616;1006;414;0;2;4;39
Torino;3617;229;110;0;0;0;9
Torino;3618;249;94;3;2;0;7
Torino;3619;193;82;0;0;0;1
Torino;3620;269;106;0;0;0;4
Torino;3621;117;43;0;0;0;3
Torino;3622;401;122;0;0;2;4
Torino;3623;197;75;0;0;0;2
Torino;3624;155;66;0;0;0;3
Torino;3625;64;26;0;0;0;1
Torino;3626;485;210;0;0;0;10
Torino;3627;4;2;0;1;0;0
Torino;3628;361;175;2;4;1;7
Torino;3629;564;218;0;0;2;13
Torino;3630;34;1;1;0;0;0
Torino;3631;0;0;0;0;0;0
Torino;3632;202;79;0;0;2;1
Torino;3633;149;64;0;0;0;1
Torino;3634;342;127;0;0;0;1
Torino;3635;409;163;2;1;4;7
Torino;3636;153;50;0;0;0;2
Torino;3637;187;76;2;1;1;6
Torino;3638;252;112;0;0;0;6
Torino;3639;56;22;1;3;2;1
Torino;3640;153;56;0;1;2;11
Torino;3641;260;104;1;1;0;2
Torino;3642;7;4;0;3;0;0
Torino;3643;297;95;0;0;0;2
Torino;3644;126;67;0;0;2;3
Torino;3645;269;90;0;0;0;11
Torino;3646;251;84;0;0;0;11
Torino;3647;306;69;1;3;3;16
Torino;3648;36;18;1;7;1;1
Torino;3649;98;48;0;0;0;4
Torino;3650;0;0;0;0;0;0
Torino;3651;87;33;3;6;0;1
Torino;3652;12;4;2;1;0;1
Torino;3653;153;57;2;7;2;1
Torino;3654;1;1;1;0;0;0
Torino;3655;336;77;0;0;0;2
Torino;3656;1;1;0;1;0;0
Torino;3657;217;87;0;0;0;3
Torino;3658;6;2;0;2;0;0
Torino;3659;276;103;0;0;0;1
Torino;3660;0;0;0;0;0;0
Torino;3661;37;18;3;5;0;0
Torino;3662;340;151;0;0;0;5
Torino;3663;115;46;0;1;0;2
Torino;3664;170;54;0;1;0;0
Torino;3665;4;2;1;0;0;0
Torino;3666;491;205;0;0;0;2
Torino;3667;45;15;1;1;0;1
Torino;3668;0;0;0;0;0;0
Torino;3669;244;72;0;0;0;1
Torino;3670;269;96;0;2;0;9
Torino;3671;69;31;0;0;0;4
Torino;3672;0;0;0;0;0;0
Torino;3673;528;133;0;0;0;4
Torino;3674;56;31;0;0;0;1
Torino;3675;114;44;5;4;1;3
Torino;3676;118;47;1;6;1;3
Torino;3677;84;33;1;0;0;1
Torino;3678;7;0;0;0;0;0
Torino;3679;7;4;0;0;1;0
Torino;3680;82;43;0;0;0;2
Torino;3681;299;107;0;0;0;4
Torino;3682;3;3;1;0;0;0
Torino;3683;0;0;0;0;0;0
Torino;3684;0;0;0;0;0;0
Torino;3685;3;2;0;1;0;0
Torino;3686;158;66;0;0;0;3
Torino;3687;156;72;0;1;0;3
Torino;3688;0;0;0;0;0;0
Torino;3689;162;73;1;2;0;5
Torino;3690;55;18;7;4;3;0
Torino;3691;367;155;0;0;0;7
Torino;3692;264;105;0;0;0;6
Torino;3693;493;188;0;0;0;2
Torino;3694;234;91;0;0;0;23
Torino;3695;1;0;0;0;0;29
Torino;3696;1088;448;0;0;0;45
Torino;3697;471;130;0;0;0;6
Torino;3698;184;64;0;1;2;4
Torino;3699;427;162;1;4;0;5
Torino;3700;436;154;0;0;0;3
Torino;3701;536;166;0;0;0;2
Torino;3702;1835;694;1;0;1;58
Torino;3703;28;14;4;0;0;1
Torino;3704;865;349;4;11;2;8
Torino;3705;457;167;9;16;14;5
Torino;3706;626;227;1;4;1;8
Torino;3707;220;79;4;3;0;3
Torino;3708;35;13;0;0;1;2
Torino;3709;399;209;15;20;21;1
Torino;3710;119;54;4;32;0;1
Torino;3711;73;28;8;16;1;0
Torino;3712;148;65;5;17;11;0
Torino;3713;240;91;15;25;5;4
Torino;3714;89;40;4;4;1;3
Torino;3715;73;29;2;24;6;0
Torino;3781;79;34;7;11;1;0
Torino;3783;13;6;4;1;1;0
Torino;3803;943;18;0;0;0;0
Torino;3804;384;171;1;2;3;6
Torino;3805;1868;1062;0;0;0;24
Torino;3806;253;124;0;1;1;5
Torino;3807;144;65;1;1;1;2
Torino;3808;192;77;0;0;0;3
Torino;3809;597;322;0;0;0;3
Torino;3810;226;81;0;1;4;5
Torino;3811;805;453;0;0;1;46
Torino;3812;469;181;0;2;7;11
Torino;3813;1030;406;0;0;0;9
Torino;3814;264;107;2;5;3;11
Torino;3815;47;18;1;4;2;0
Torino;3816;326;138;1;2;1;5
Torino;3817;343;138;2;3;0;7
Torino;3818;362;144;0;2;0;2
Torino;3819;285;126;2;10;5;10
Torino;3820;504;198;0;2;1;7
Torino;3821;12;6;0;15;12;0
Torino;3822;321;136;0;1;1;10
Torino;3823;3;2;0;2;0;0
Torino;3824;551;248;0;0;0;7
Torino;3825;414;148;0;0;0;12
Torino;3826;399;147;3;0;0;3
Torino;3827;1009;499;26;37;1;12
Torino;3828;295;143;0;1;1;13
Torino;3829;506;207;3;12;16;10
Torino;3830;367;157;0;0;0;3
Torino;3831;248;107;9;13;6;6
Torino;3832;424;176;0;0;0;4
Torino;3833;497;275;0;0;0;6
Torino;3834;557;108;0;0;0;5
Torino;3835;1359;537;6;14;19;14
Torino;3836;121;54;5;9;6;0
Torino;3837;613;336;0;0;0;19
Torino;3838;0;0;0;0;0;8
Torino;3839;22;11;0;1;1;0
